-- phpMyAdmin SQL Dump
-- version 5.2.0
-- https://www.phpmyadmin.net/
--
-- Hôte : 127.0.0.1
-- Généré le : sam. 30 juil. 2022 à 16:18
-- Version du serveur : 10.4.24-MariaDB
-- Version de PHP : 8.1.6

SET SQL_MODE = "NO_AUTO_VALUE_ON_ZERO";
START TRANSACTION;
SET time_zone = "+00:00";


/*!40101 SET @OLD_CHARACTER_SET_CLIENT=@@CHARACTER_SET_CLIENT */;
/*!40101 SET @OLD_CHARACTER_SET_RESULTS=@@CHARACTER_SET_RESULTS */;
/*!40101 SET @OLD_COLLATION_CONNECTION=@@COLLATION_CONNECTION */;
/*!40101 SET NAMES utf8mb4 */;

--
-- Base de données : `gestioncollege_jpa`
--

-- --------------------------------------------------------

--
-- Structure de la table `bulletin`
--

CREATE TABLE `bulletin` (
  `id` bigint(20) NOT NULL,
  `eleve` bigint(20) DEFAULT NULL,
  `periode` bigint(20) DEFAULT NULL
) ENGINE=InnoDB DEFAULT CHARSET=utf8mb4;

-- --------------------------------------------------------

--
-- Structure de la table `classe`
--

CREATE TABLE `classe` (
  `id` bigint(20) NOT NULL,
  `subdivision` varchar(30) DEFAULT NULL,
  `niveau` bigint(20) DEFAULT NULL
) ENGINE=InnoDB DEFAULT CHARSET=utf8mb4;

--
-- Déchargement des données de la table `classe`
--

INSERT INTO `classe` (`id`, `subdivision`, `niveau`) VALUES
(1, 'A', 1),
(2, 'B', 2),
(3, 'C', 3),
(4, 'A', 4);

-- --------------------------------------------------------

--
-- Structure de la table `cours`
--

CREATE TABLE `cours` (
  `id` bigint(20) NOT NULL,
  `classe` bigint(20) DEFAULT NULL,
  `enseignant` bigint(20) DEFAULT NULL,
  `enseignement` bigint(20) DEFAULT NULL
) ENGINE=InnoDB DEFAULT CHARSET=utf8mb4;

--
-- Déchargement des données de la table `cours`
--

INSERT INTO `cours` (`id`, `classe`, `enseignant`, `enseignement`) VALUES
(1, 1, NULL, 1),
(2, 1, NULL, 2),
(3, 1, NULL, 3),
(4, 1, NULL, 4),
(5, 1, NULL, 5),
(6, 1, NULL, 6),
(7, 1, NULL, 7),
(8, 1, NULL, 8),
(9, 1, NULL, 9),
(10, 1, NULL, 10),
(11, 1, NULL, 11),
(12, 1, NULL, 12),
(13, 1, NULL, 13),
(14, 1, NULL, 14),
(15, 1, NULL, 15),
(16, 1, NULL, 16),
(17, 1, NULL, 17),
(18, 1, NULL, 18),
(19, 1, NULL, 19),
(20, 1, NULL, 20),
(21, 1, NULL, 21),
(22, 1, NULL, 22),
(23, 1, NULL, 23),
(24, 1, NULL, 24),
(25, 1, NULL, 25),
(26, 1, NULL, 26),
(27, 1, NULL, 27),
(28, 1, NULL, 28),
(29, 2, NULL, 1),
(30, 2, NULL, 2),
(31, 2, NULL, 3),
(32, 2, NULL, 4),
(33, 2, NULL, 5),
(34, 2, NULL, 6),
(35, 2, NULL, 7),
(36, 2, NULL, 8),
(37, 2, NULL, 9),
(38, 2, NULL, 10),
(39, 2, NULL, 11),
(40, 2, NULL, 12),
(41, 2, NULL, 13),
(42, 2, NULL, 14),
(43, 2, NULL, 15),
(44, 2, NULL, 16),
(45, 2, NULL, 17),
(46, 2, NULL, 18),
(47, 2, NULL, 19),
(48, 2, NULL, 20),
(49, 2, NULL, 21),
(50, 2, NULL, 22),
(51, 2, NULL, 23),
(52, 2, NULL, 24),
(53, 2, NULL, 25),
(54, 2, NULL, 26),
(55, 2, NULL, 27),
(56, 2, NULL, 28),
(57, 3, NULL, 1),
(58, 3, NULL, 2),
(59, 3, NULL, 3),
(60, 3, NULL, 4),
(61, 3, NULL, 5),
(62, 3, NULL, 6),
(63, 3, NULL, 7),
(64, 3, NULL, 8),
(65, 3, NULL, 9),
(66, 3, NULL, 10),
(67, 3, NULL, 11),
(68, 3, NULL, 12),
(69, 3, NULL, 13),
(70, 3, NULL, 14),
(71, 3, NULL, 15),
(72, 3, NULL, 16),
(73, 3, NULL, 17),
(74, 3, NULL, 18),
(75, 3, NULL, 19),
(76, 3, NULL, 20),
(77, 3, NULL, 21),
(78, 3, NULL, 22),
(79, 3, NULL, 23),
(80, 3, NULL, 24),
(81, 3, NULL, 25),
(82, 3, NULL, 26),
(83, 3, NULL, 27),
(84, 3, NULL, 28),
(85, 4, NULL, 1),
(86, 4, NULL, 2),
(87, 4, NULL, 3),
(88, 4, NULL, 4),
(89, 4, NULL, 5),
(90, 4, NULL, 6),
(91, 4, NULL, 7),
(92, 4, NULL, 8),
(93, 4, NULL, 9),
(94, 4, NULL, 10),
(95, 4, NULL, 11),
(96, 4, NULL, 12),
(97, 4, NULL, 13),
(98, 4, NULL, 14),
(99, 4, NULL, 15),
(100, 4, NULL, 16),
(101, 4, NULL, 17),
(102, 4, NULL, 18),
(103, 4, NULL, 19),
(104, 4, NULL, 20),
(105, 4, NULL, 21),
(106, 4, NULL, 22),
(107, 4, NULL, 23),
(108, 4, NULL, 24),
(109, 4, NULL, 25),
(110, 4, NULL, 26),
(111, 4, NULL, 27),
(112, 4, NULL, 28);

-- --------------------------------------------------------

--
-- Structure de la table `eleve`
--

CREATE TABLE `eleve` (
  `id` bigint(20) NOT NULL,
  `age` int(11) DEFAULT NULL,
  `matricule` int(11) DEFAULT NULL,
  `nom` varchar(50) DEFAULT NULL,
  `prenom` varchar(50) DEFAULT NULL,
  `classe` bigint(20) DEFAULT NULL
) ENGINE=InnoDB DEFAULT CHARSET=utf8mb4;

--
-- Déchargement des données de la table `eleve`
--

INSERT INTO `eleve` (`id`, `age`, `matricule`, `nom`, `prenom`, `classe`) VALUES
(1, 11, 532147, 'WINIGAH', 'Mhensa Moise', 1),
(2, 12, 532456, 'HONVI', 'Kokou Vivien', 2),
(3, 13, 536649, 'AKPONO', 'Koffi Sakomi', 3),
(4, 14, 521875, 'KAPOMONVI', 'Hodalo Sandra', 4);

-- --------------------------------------------------------

--
-- Structure de la table `enseignant`
--

CREATE TABLE `enseignant` (
  `id` bigint(20) NOT NULL,
  `nom` varchar(50) DEFAULT NULL,
  `prenom` varchar(50) DEFAULT NULL,
  `matiere` bigint(20) DEFAULT NULL
) ENGINE=InnoDB DEFAULT CHARSET=utf8mb4;

--
-- Déchargement des données de la table `enseignant`
--

INSERT INTO `enseignant` (`id`, `nom`, `prenom`, `matiere`) VALUES
(1, 'AKAKPO', 'David', 2),
(2, 'DUNANT', 'Henri', 7),
(3, 'BLEWOU', 'Afi Clarisse', 6),
(4, 'DJITRI', 'Koffi Samuel', 3),
(5, 'ADJEWODA', 'Cecile Grace', 1),
(6, 'LAWSON', 'Kpekui', 5),
(7, 'KPEGLO', 'Marius', 4);

-- --------------------------------------------------------

--
-- Structure de la table `enseignement`
--

CREATE TABLE `enseignement` (
  `id` bigint(20) NOT NULL,
  `coefficient` int(11) DEFAULT NULL,
  `matiere` bigint(20) DEFAULT NULL,
  `niveau` bigint(20) DEFAULT NULL
) ENGINE=InnoDB DEFAULT CHARSET=utf8mb4;

--
-- Déchargement des données de la table `enseignement`
--

INSERT INTO `enseignement` (`id`, `coefficient`, `matiere`, `niveau`) VALUES
(1, 2, 1, 1),
(2, 2, 2, 1),
(3, 2, 3, 1),
(4, 2, 4, 1),
(5, 2, 5, 1),
(6, 2, 6, 1),
(7, 2, 7, 1),
(8, 2, 1, 2),
(9, 2, 2, 2),
(10, 2, 3, 2),
(11, 2, 4, 2),
(12, 2, 5, 2),
(13, 2, 6, 2),
(14, 2, 7, 2),
(15, 2, 1, 3),
(16, 2, 2, 3),
(17, 2, 3, 3),
(18, 2, 4, 3),
(19, 2, 5, 3),
(20, 2, 6, 3),
(21, 2, 7, 3),
(22, 2, 1, 4),
(23, 2, 2, 4),
(24, 2, 3, 4),
(25, 2, 4, 4),
(26, 2, 5, 4),
(27, 2, 6, 4),
(28, 2, 7, 4);

-- --------------------------------------------------------

--
-- Structure de la table `evaluation`
--

CREATE TABLE `evaluation` (
  `id` bigint(20) NOT NULL,
  `bareme` int(11) DEFAULT NULL,
  `date` varchar(255) DEFAULT NULL,
  `poids` double DEFAULT NULL,
  `cours` bigint(20) DEFAULT NULL,
  `periode` bigint(20) DEFAULT NULL,
  `type` bigint(20) DEFAULT NULL
) ENGINE=InnoDB DEFAULT CHARSET=utf8mb4;

--
-- Déchargement des données de la table `evaluation`
--

INSERT INTO `evaluation` (`id`, `bareme`, `date`, `poids`, `cours`, `periode`, `type`) VALUES
(1, 20, '26/05/2022', 0.1, 1, 1, 1),
(2, 20, '26/05/2022', 0.1, 2, 1, 1),
(3, 20, '26/05/2022', 0.1, 3, 1, 1),
(4, 20, '26/05/2022', 0.1, 4, 1, 1),
(5, 20, '26/05/2022', 0.1, 5, 1, 1),
(6, 20, '26/05/2022', 0.1, 6, 1, 1),
(7, 20, '26/05/2022', 0.1, 7, 1, 1),
(8, 20, '26/05/2022', 0.1, 8, 1, 1),
(9, 20, '26/05/2022', 0.1, 9, 1, 1),
(10, 20, '26/05/2022', 0.1, 10, 1, 1),
(11, 20, '26/05/2022', 0.1, 11, 1, 1),
(12, 20, '26/05/2022', 0.1, 12, 1, 1),
(13, 20, '26/05/2022', 0.1, 13, 1, 1),
(14, 20, '26/05/2022', 0.1, 14, 1, 1),
(15, 20, '26/05/2022', 0.1, 15, 1, 1),
(16, 20, '26/05/2022', 0.1, 16, 1, 1),
(17, 20, '26/05/2022', 0.1, 17, 1, 1),
(18, 20, '26/05/2022', 0.1, 18, 1, 1),
(19, 20, '26/05/2022', 0.1, 19, 1, 1),
(20, 20, '26/05/2022', 0.1, 20, 1, 1),
(21, 20, '26/05/2022', 0.1, 21, 1, 1),
(22, 20, '26/05/2022', 0.1, 22, 1, 1),
(23, 20, '26/05/2022', 0.1, 23, 1, 1),
(24, 20, '26/05/2022', 0.1, 24, 1, 1),
(25, 20, '26/05/2022', 0.1, 25, 1, 1),
(26, 20, '26/05/2022', 0.1, 26, 1, 1),
(27, 20, '26/05/2022', 0.1, 27, 1, 1),
(28, 20, '26/05/2022', 0.1, 28, 1, 1),
(29, 20, '26/05/2022', 0.1, 29, 1, 1),
(30, 20, '26/05/2022', 0.1, 30, 1, 1),
(31, 20, '26/05/2022', 0.1, 31, 1, 1),
(32, 20, '26/05/2022', 0.1, 32, 1, 1),
(33, 20, '26/05/2022', 0.1, 33, 1, 1),
(34, 20, '26/05/2022', 0.1, 34, 1, 1),
(35, 20, '26/05/2022', 0.1, 35, 1, 1),
(36, 20, '26/05/2022', 0.1, 36, 1, 1),
(37, 20, '26/05/2022', 0.1, 37, 1, 1),
(38, 20, '26/05/2022', 0.1, 38, 1, 1),
(39, 20, '26/05/2022', 0.1, 39, 1, 1),
(40, 20, '26/05/2022', 0.1, 40, 1, 1),
(41, 20, '26/05/2022', 0.1, 41, 1, 1),
(42, 20, '26/05/2022', 0.1, 42, 1, 1),
(43, 20, '26/05/2022', 0.1, 43, 1, 1),
(44, 20, '26/05/2022', 0.1, 44, 1, 1),
(45, 20, '26/05/2022', 0.1, 45, 1, 1),
(46, 20, '26/05/2022', 0.1, 46, 1, 1),
(47, 20, '26/05/2022', 0.1, 47, 1, 1),
(48, 20, '26/05/2022', 0.1, 48, 1, 1),
(49, 20, '26/05/2022', 0.1, 49, 1, 1),
(50, 20, '26/05/2022', 0.1, 50, 1, 1),
(51, 20, '26/05/2022', 0.1, 51, 1, 1),
(52, 20, '26/05/2022', 0.1, 52, 1, 1),
(53, 20, '26/05/2022', 0.1, 53, 1, 1),
(54, 20, '26/05/2022', 0.1, 54, 1, 1),
(55, 20, '26/05/2022', 0.1, 55, 1, 1),
(56, 20, '26/05/2022', 0.1, 56, 1, 1),
(57, 20, '26/05/2022', 0.1, 57, 1, 1),
(58, 20, '26/05/2022', 0.1, 58, 1, 1),
(59, 20, '26/05/2022', 0.1, 59, 1, 1),
(60, 20, '26/05/2022', 0.1, 60, 1, 1),
(61, 20, '26/05/2022', 0.1, 61, 1, 1),
(62, 20, '26/05/2022', 0.1, 62, 1, 1),
(63, 20, '26/05/2022', 0.1, 63, 1, 1),
(64, 20, '26/05/2022', 0.1, 64, 1, 1),
(65, 20, '26/05/2022', 0.1, 65, 1, 1),
(66, 20, '26/05/2022', 0.1, 66, 1, 1),
(67, 20, '26/05/2022', 0.1, 67, 1, 1),
(68, 20, '26/05/2022', 0.1, 68, 1, 1),
(69, 20, '26/05/2022', 0.1, 69, 1, 1),
(70, 20, '26/05/2022', 0.1, 70, 1, 1),
(71, 20, '26/05/2022', 0.1, 71, 1, 1),
(72, 20, '26/05/2022', 0.1, 72, 1, 1),
(73, 20, '26/05/2022', 0.1, 73, 1, 1),
(74, 20, '26/05/2022', 0.1, 74, 1, 1),
(75, 20, '26/05/2022', 0.1, 75, 1, 1),
(76, 20, '26/05/2022', 0.1, 76, 1, 1),
(77, 20, '26/05/2022', 0.1, 77, 1, 1),
(78, 20, '26/05/2022', 0.1, 78, 1, 1),
(79, 20, '26/05/2022', 0.1, 79, 1, 1),
(80, 20, '26/05/2022', 0.1, 80, 1, 1),
(81, 20, '26/05/2022', 0.1, 81, 1, 1),
(82, 20, '26/05/2022', 0.1, 82, 1, 1),
(83, 20, '26/05/2022', 0.1, 83, 1, 1),
(84, 20, '26/05/2022', 0.1, 84, 1, 1),
(85, 20, '26/05/2022', 0.1, 85, 1, 1),
(86, 20, '26/05/2022', 0.1, 86, 1, 1),
(87, 20, '26/05/2022', 0.1, 87, 1, 1),
(88, 20, '26/05/2022', 0.1, 88, 1, 1),
(89, 20, '26/05/2022', 0.1, 89, 1, 1),
(90, 20, '26/05/2022', 0.1, 90, 1, 1),
(91, 20, '26/05/2022', 0.1, 91, 1, 1),
(92, 20, '26/05/2022', 0.1, 92, 1, 1),
(93, 20, '26/05/2022', 0.1, 93, 1, 1),
(94, 20, '26/05/2022', 0.1, 94, 1, 1),
(95, 20, '26/05/2022', 0.1, 95, 1, 1),
(96, 20, '26/05/2022', 0.1, 96, 1, 1),
(97, 20, '26/05/2022', 0.1, 97, 1, 1),
(98, 20, '26/05/2022', 0.1, 98, 1, 1),
(99, 20, '26/05/2022', 0.1, 99, 1, 1),
(100, 20, '26/05/2022', 0.1, 100, 1, 1),
(101, 20, '26/05/2022', 0.1, 101, 1, 1),
(102, 20, '26/05/2022', 0.1, 102, 1, 1),
(103, 20, '26/05/2022', 0.1, 103, 1, 1),
(104, 20, '26/05/2022', 0.1, 104, 1, 1),
(105, 20, '26/05/2022', 0.1, 105, 1, 1),
(106, 20, '26/05/2022', 0.1, 106, 1, 1),
(107, 20, '26/05/2022', 0.1, 107, 1, 1),
(108, 20, '26/05/2022', 0.1, 108, 1, 1),
(109, 20, '26/05/2022', 0.1, 109, 1, 1),
(110, 20, '26/05/2022', 0.1, 110, 1, 1),
(111, 20, '26/05/2022', 0.1, 111, 1, 1),
(112, 20, '26/05/2022', 0.1, 112, 1, 1),
(113, 20, '26/05/2022', 0.1, 1, 2, 1),
(114, 20, '26/05/2022', 0.1, 2, 2, 1),
(115, 20, '26/05/2022', 0.1, 3, 2, 1),
(116, 20, '26/05/2022', 0.1, 4, 2, 1),
(117, 20, '26/05/2022', 0.1, 5, 2, 1),
(118, 20, '26/05/2022', 0.1, 6, 2, 1),
(119, 20, '26/05/2022', 0.1, 7, 2, 1),
(120, 20, '26/05/2022', 0.1, 8, 2, 1),
(121, 20, '26/05/2022', 0.1, 9, 2, 1),
(122, 20, '26/05/2022', 0.1, 10, 2, 1),
(123, 20, '26/05/2022', 0.1, 11, 2, 1),
(124, 20, '26/05/2022', 0.1, 12, 2, 1),
(125, 20, '26/05/2022', 0.1, 13, 2, 1),
(126, 20, '26/05/2022', 0.1, 14, 2, 1),
(127, 20, '26/05/2022', 0.1, 15, 2, 1),
(128, 20, '26/05/2022', 0.1, 16, 2, 1),
(129, 20, '26/05/2022', 0.1, 17, 2, 1),
(130, 20, '26/05/2022', 0.1, 18, 2, 1),
(131, 20, '26/05/2022', 0.1, 19, 2, 1),
(132, 20, '26/05/2022', 0.1, 20, 2, 1),
(133, 20, '26/05/2022', 0.1, 21, 2, 1),
(134, 20, '26/05/2022', 0.1, 22, 2, 1),
(135, 20, '26/05/2022', 0.1, 23, 2, 1),
(136, 20, '26/05/2022', 0.1, 24, 2, 1),
(137, 20, '26/05/2022', 0.1, 25, 2, 1),
(138, 20, '26/05/2022', 0.1, 26, 2, 1),
(139, 20, '26/05/2022', 0.1, 27, 2, 1),
(140, 20, '26/05/2022', 0.1, 28, 2, 1),
(141, 20, '26/05/2022', 0.1, 29, 2, 1),
(142, 20, '26/05/2022', 0.1, 30, 2, 1),
(143, 20, '26/05/2022', 0.1, 31, 2, 1),
(144, 20, '26/05/2022', 0.1, 32, 2, 1),
(145, 20, '26/05/2022', 0.1, 33, 2, 1),
(146, 20, '26/05/2022', 0.1, 34, 2, 1),
(147, 20, '26/05/2022', 0.1, 35, 2, 1),
(148, 20, '26/05/2022', 0.1, 36, 2, 1),
(149, 20, '26/05/2022', 0.1, 37, 2, 1),
(150, 20, '26/05/2022', 0.1, 38, 2, 1),
(151, 20, '26/05/2022', 0.1, 39, 2, 1),
(152, 20, '26/05/2022', 0.1, 40, 2, 1),
(153, 20, '26/05/2022', 0.1, 41, 2, 1),
(154, 20, '26/05/2022', 0.1, 42, 2, 1),
(155, 20, '26/05/2022', 0.1, 43, 2, 1),
(156, 20, '26/05/2022', 0.1, 44, 2, 1),
(157, 20, '26/05/2022', 0.1, 45, 2, 1),
(158, 20, '26/05/2022', 0.1, 46, 2, 1),
(159, 20, '26/05/2022', 0.1, 47, 2, 1),
(160, 20, '26/05/2022', 0.1, 48, 2, 1),
(161, 20, '26/05/2022', 0.1, 49, 2, 1),
(162, 20, '26/05/2022', 0.1, 50, 2, 1),
(163, 20, '26/05/2022', 0.1, 51, 2, 1),
(164, 20, '26/05/2022', 0.1, 52, 2, 1),
(165, 20, '26/05/2022', 0.1, 53, 2, 1),
(166, 20, '26/05/2022', 0.1, 54, 2, 1),
(167, 20, '26/05/2022', 0.1, 55, 2, 1),
(168, 20, '26/05/2022', 0.1, 56, 2, 1),
(169, 20, '26/05/2022', 0.1, 57, 2, 1),
(170, 20, '26/05/2022', 0.1, 58, 2, 1),
(171, 20, '26/05/2022', 0.1, 59, 2, 1),
(172, 20, '26/05/2022', 0.1, 60, 2, 1),
(173, 20, '26/05/2022', 0.1, 61, 2, 1),
(174, 20, '26/05/2022', 0.1, 62, 2, 1),
(175, 20, '26/05/2022', 0.1, 63, 2, 1),
(176, 20, '26/05/2022', 0.1, 64, 2, 1),
(177, 20, '26/05/2022', 0.1, 65, 2, 1),
(178, 20, '26/05/2022', 0.1, 66, 2, 1),
(179, 20, '26/05/2022', 0.1, 67, 2, 1),
(180, 20, '26/05/2022', 0.1, 68, 2, 1),
(181, 20, '26/05/2022', 0.1, 69, 2, 1),
(182, 20, '26/05/2022', 0.1, 70, 2, 1),
(183, 20, '26/05/2022', 0.1, 71, 2, 1),
(184, 20, '26/05/2022', 0.1, 72, 2, 1),
(185, 20, '26/05/2022', 0.1, 73, 2, 1),
(186, 20, '26/05/2022', 0.1, 74, 2, 1),
(187, 20, '26/05/2022', 0.1, 75, 2, 1),
(188, 20, '26/05/2022', 0.1, 76, 2, 1),
(189, 20, '26/05/2022', 0.1, 77, 2, 1),
(190, 20, '26/05/2022', 0.1, 78, 2, 1),
(191, 20, '26/05/2022', 0.1, 79, 2, 1),
(192, 20, '26/05/2022', 0.1, 80, 2, 1),
(193, 20, '26/05/2022', 0.1, 81, 2, 1),
(194, 20, '26/05/2022', 0.1, 82, 2, 1),
(195, 20, '26/05/2022', 0.1, 83, 2, 1),
(196, 20, '26/05/2022', 0.1, 84, 2, 1),
(197, 20, '26/05/2022', 0.1, 85, 2, 1),
(198, 20, '26/05/2022', 0.1, 86, 2, 1),
(199, 20, '26/05/2022', 0.1, 87, 2, 1),
(200, 20, '26/05/2022', 0.1, 88, 2, 1),
(201, 20, '26/05/2022', 0.1, 89, 2, 1),
(202, 20, '26/05/2022', 0.1, 90, 2, 1),
(203, 20, '26/05/2022', 0.1, 91, 2, 1),
(204, 20, '26/05/2022', 0.1, 92, 2, 1),
(205, 20, '26/05/2022', 0.1, 93, 2, 1),
(206, 20, '26/05/2022', 0.1, 94, 2, 1),
(207, 20, '26/05/2022', 0.1, 95, 2, 1),
(208, 20, '26/05/2022', 0.1, 96, 2, 1),
(209, 20, '26/05/2022', 0.1, 97, 2, 1),
(210, 20, '26/05/2022', 0.1, 98, 2, 1),
(211, 20, '26/05/2022', 0.1, 99, 2, 1),
(212, 20, '26/05/2022', 0.1, 100, 2, 1),
(213, 20, '26/05/2022', 0.1, 101, 2, 1),
(214, 20, '26/05/2022', 0.1, 102, 2, 1),
(215, 20, '26/05/2022', 0.1, 103, 2, 1),
(216, 20, '26/05/2022', 0.1, 104, 2, 1),
(217, 20, '26/05/2022', 0.1, 105, 2, 1),
(218, 20, '26/05/2022', 0.1, 106, 2, 1),
(219, 20, '26/05/2022', 0.1, 107, 2, 1),
(220, 20, '26/05/2022', 0.1, 108, 2, 1),
(221, 20, '26/05/2022', 0.1, 109, 2, 1),
(222, 20, '26/05/2022', 0.1, 110, 2, 1),
(223, 20, '26/05/2022', 0.1, 111, 2, 1),
(224, 20, '26/05/2022', 0.1, 112, 2, 1),
(225, 20, '26/05/2022', 0.1, 1, 3, 1),
(226, 20, '26/05/2022', 0.1, 2, 3, 1),
(227, 20, '26/05/2022', 0.1, 3, 3, 1),
(228, 20, '26/05/2022', 0.1, 4, 3, 1),
(229, 20, '26/05/2022', 0.1, 5, 3, 1),
(230, 20, '26/05/2022', 0.1, 6, 3, 1),
(231, 20, '26/05/2022', 0.1, 7, 3, 1),
(232, 20, '26/05/2022', 0.1, 8, 3, 1),
(233, 20, '26/05/2022', 0.1, 9, 3, 1),
(234, 20, '26/05/2022', 0.1, 10, 3, 1),
(235, 20, '26/05/2022', 0.1, 11, 3, 1),
(236, 20, '26/05/2022', 0.1, 12, 3, 1),
(237, 20, '26/05/2022', 0.1, 13, 3, 1),
(238, 20, '26/05/2022', 0.1, 14, 3, 1),
(239, 20, '26/05/2022', 0.1, 15, 3, 1),
(240, 20, '26/05/2022', 0.1, 16, 3, 1),
(241, 20, '26/05/2022', 0.1, 17, 3, 1),
(242, 20, '26/05/2022', 0.1, 18, 3, 1),
(243, 20, '26/05/2022', 0.1, 19, 3, 1),
(244, 20, '26/05/2022', 0.1, 20, 3, 1),
(245, 20, '26/05/2022', 0.1, 21, 3, 1),
(246, 20, '26/05/2022', 0.1, 22, 3, 1),
(247, 20, '26/05/2022', 0.1, 23, 3, 1),
(248, 20, '26/05/2022', 0.1, 24, 3, 1),
(249, 20, '26/05/2022', 0.1, 25, 3, 1),
(250, 20, '26/05/2022', 0.1, 26, 3, 1),
(251, 20, '26/05/2022', 0.1, 27, 3, 1),
(252, 20, '26/05/2022', 0.1, 28, 3, 1),
(253, 20, '26/05/2022', 0.1, 29, 3, 1),
(254, 20, '26/05/2022', 0.1, 30, 3, 1),
(255, 20, '26/05/2022', 0.1, 31, 3, 1),
(256, 20, '26/05/2022', 0.1, 32, 3, 1),
(257, 20, '26/05/2022', 0.1, 33, 3, 1),
(258, 20, '26/05/2022', 0.1, 34, 3, 1),
(259, 20, '26/05/2022', 0.1, 35, 3, 1),
(260, 20, '26/05/2022', 0.1, 36, 3, 1),
(261, 20, '26/05/2022', 0.1, 37, 3, 1),
(262, 20, '26/05/2022', 0.1, 38, 3, 1),
(263, 20, '26/05/2022', 0.1, 39, 3, 1),
(264, 20, '26/05/2022', 0.1, 40, 3, 1),
(265, 20, '26/05/2022', 0.1, 41, 3, 1),
(266, 20, '26/05/2022', 0.1, 42, 3, 1),
(267, 20, '26/05/2022', 0.1, 43, 3, 1),
(268, 20, '26/05/2022', 0.1, 44, 3, 1),
(269, 20, '26/05/2022', 0.1, 45, 3, 1),
(270, 20, '26/05/2022', 0.1, 46, 3, 1),
(271, 20, '26/05/2022', 0.1, 47, 3, 1),
(272, 20, '26/05/2022', 0.1, 48, 3, 1),
(273, 20, '26/05/2022', 0.1, 49, 3, 1),
(274, 20, '26/05/2022', 0.1, 50, 3, 1),
(275, 20, '26/05/2022', 0.1, 51, 3, 1),
(276, 20, '26/05/2022', 0.1, 52, 3, 1),
(277, 20, '26/05/2022', 0.1, 53, 3, 1),
(278, 20, '26/05/2022', 0.1, 54, 3, 1),
(279, 20, '26/05/2022', 0.1, 55, 3, 1),
(280, 20, '26/05/2022', 0.1, 56, 3, 1),
(281, 20, '26/05/2022', 0.1, 57, 3, 1),
(282, 20, '26/05/2022', 0.1, 58, 3, 1),
(283, 20, '26/05/2022', 0.1, 59, 3, 1),
(284, 20, '26/05/2022', 0.1, 60, 3, 1),
(285, 20, '26/05/2022', 0.1, 61, 3, 1),
(286, 20, '26/05/2022', 0.1, 62, 3, 1),
(287, 20, '26/05/2022', 0.1, 63, 3, 1),
(288, 20, '26/05/2022', 0.1, 64, 3, 1),
(289, 20, '26/05/2022', 0.1, 65, 3, 1),
(290, 20, '26/05/2022', 0.1, 66, 3, 1),
(291, 20, '26/05/2022', 0.1, 67, 3, 1),
(292, 20, '26/05/2022', 0.1, 68, 3, 1),
(293, 20, '26/05/2022', 0.1, 69, 3, 1),
(294, 20, '26/05/2022', 0.1, 70, 3, 1),
(295, 20, '26/05/2022', 0.1, 71, 3, 1),
(296, 20, '26/05/2022', 0.1, 72, 3, 1),
(297, 20, '26/05/2022', 0.1, 73, 3, 1),
(298, 20, '26/05/2022', 0.1, 74, 3, 1),
(299, 20, '26/05/2022', 0.1, 75, 3, 1),
(300, 20, '26/05/2022', 0.1, 76, 3, 1),
(301, 20, '26/05/2022', 0.1, 77, 3, 1),
(302, 20, '26/05/2022', 0.1, 78, 3, 1),
(303, 20, '26/05/2022', 0.1, 79, 3, 1),
(304, 20, '26/05/2022', 0.1, 80, 3, 1),
(305, 20, '26/05/2022', 0.1, 81, 3, 1),
(306, 20, '26/05/2022', 0.1, 82, 3, 1),
(307, 20, '26/05/2022', 0.1, 83, 3, 1),
(308, 20, '26/05/2022', 0.1, 84, 3, 1),
(309, 20, '26/05/2022', 0.1, 85, 3, 1),
(310, 20, '26/05/2022', 0.1, 86, 3, 1),
(311, 20, '26/05/2022', 0.1, 87, 3, 1),
(312, 20, '26/05/2022', 0.1, 88, 3, 1),
(313, 20, '26/05/2022', 0.1, 89, 3, 1),
(314, 20, '26/05/2022', 0.1, 90, 3, 1),
(315, 20, '26/05/2022', 0.1, 91, 3, 1),
(316, 20, '26/05/2022', 0.1, 92, 3, 1),
(317, 20, '26/05/2022', 0.1, 93, 3, 1),
(318, 20, '26/05/2022', 0.1, 94, 3, 1),
(319, 20, '26/05/2022', 0.1, 95, 3, 1),
(320, 20, '26/05/2022', 0.1, 96, 3, 1),
(321, 20, '26/05/2022', 0.1, 97, 3, 1),
(322, 20, '26/05/2022', 0.1, 98, 3, 1),
(323, 20, '26/05/2022', 0.1, 99, 3, 1),
(324, 20, '26/05/2022', 0.1, 100, 3, 1),
(325, 20, '26/05/2022', 0.1, 101, 3, 1),
(326, 20, '26/05/2022', 0.1, 102, 3, 1),
(327, 20, '26/05/2022', 0.1, 103, 3, 1),
(328, 20, '26/05/2022', 0.1, 104, 3, 1),
(329, 20, '26/05/2022', 0.1, 105, 3, 1),
(330, 20, '26/05/2022', 0.1, 106, 3, 1),
(331, 20, '26/05/2022', 0.1, 107, 3, 1),
(332, 20, '26/05/2022', 0.1, 108, 3, 1),
(333, 20, '26/05/2022', 0.1, 109, 3, 1),
(334, 20, '26/05/2022', 0.1, 110, 3, 1),
(335, 20, '26/05/2022', 0.1, 111, 3, 1),
(336, 20, '26/05/2022', 0.1, 112, 3, 1),
(337, 20, '26/05/2022', 0.3, 1, 1, 2),
(338, 20, '26/05/2022', 0.3, 2, 1, 2),
(339, 20, '26/05/2022', 0.3, 3, 1, 2),
(340, 20, '26/05/2022', 0.3, 4, 1, 2),
(341, 20, '26/05/2022', 0.3, 5, 1, 2),
(342, 20, '26/05/2022', 0.3, 6, 1, 2),
(343, 20, '26/05/2022', 0.3, 7, 1, 2),
(344, 20, '26/05/2022', 0.3, 8, 1, 2),
(345, 20, '26/05/2022', 0.3, 9, 1, 2),
(346, 20, '26/05/2022', 0.3, 10, 1, 2),
(347, 20, '26/05/2022', 0.3, 11, 1, 2),
(348, 20, '26/05/2022', 0.3, 12, 1, 2),
(349, 20, '26/05/2022', 0.3, 13, 1, 2),
(350, 20, '26/05/2022', 0.3, 14, 1, 2),
(351, 20, '26/05/2022', 0.3, 15, 1, 2),
(352, 20, '26/05/2022', 0.3, 16, 1, 2),
(353, 20, '26/05/2022', 0.3, 17, 1, 2),
(354, 20, '26/05/2022', 0.3, 18, 1, 2),
(355, 20, '26/05/2022', 0.3, 19, 1, 2),
(356, 20, '26/05/2022', 0.3, 20, 1, 2),
(357, 20, '26/05/2022', 0.3, 21, 1, 2),
(358, 20, '26/05/2022', 0.3, 22, 1, 2),
(359, 20, '26/05/2022', 0.3, 23, 1, 2),
(360, 20, '26/05/2022', 0.3, 24, 1, 2),
(361, 20, '26/05/2022', 0.3, 25, 1, 2),
(362, 20, '26/05/2022', 0.3, 26, 1, 2),
(363, 20, '26/05/2022', 0.3, 27, 1, 2),
(364, 20, '26/05/2022', 0.3, 28, 1, 2),
(365, 20, '26/05/2022', 0.3, 29, 1, 2),
(366, 20, '26/05/2022', 0.3, 30, 1, 2),
(367, 20, '26/05/2022', 0.3, 31, 1, 2),
(368, 20, '26/05/2022', 0.3, 32, 1, 2),
(369, 20, '26/05/2022', 0.3, 33, 1, 2),
(370, 20, '26/05/2022', 0.3, 34, 1, 2),
(371, 20, '26/05/2022', 0.3, 35, 1, 2),
(372, 20, '26/05/2022', 0.3, 36, 1, 2),
(373, 20, '26/05/2022', 0.3, 37, 1, 2),
(374, 20, '26/05/2022', 0.3, 38, 1, 2),
(375, 20, '26/05/2022', 0.3, 39, 1, 2),
(376, 20, '26/05/2022', 0.3, 40, 1, 2),
(377, 20, '26/05/2022', 0.3, 41, 1, 2),
(378, 20, '26/05/2022', 0.3, 42, 1, 2),
(379, 20, '26/05/2022', 0.3, 43, 1, 2),
(380, 20, '26/05/2022', 0.3, 44, 1, 2),
(381, 20, '26/05/2022', 0.3, 45, 1, 2),
(382, 20, '26/05/2022', 0.3, 46, 1, 2),
(383, 20, '26/05/2022', 0.3, 47, 1, 2),
(384, 20, '26/05/2022', 0.3, 48, 1, 2),
(385, 20, '26/05/2022', 0.3, 49, 1, 2),
(386, 20, '26/05/2022', 0.3, 50, 1, 2),
(387, 20, '26/05/2022', 0.3, 51, 1, 2),
(388, 20, '26/05/2022', 0.3, 52, 1, 2),
(389, 20, '26/05/2022', 0.3, 53, 1, 2),
(390, 20, '26/05/2022', 0.3, 54, 1, 2),
(391, 20, '26/05/2022', 0.3, 55, 1, 2),
(392, 20, '26/05/2022', 0.3, 56, 1, 2),
(393, 20, '26/05/2022', 0.3, 57, 1, 2),
(394, 20, '26/05/2022', 0.3, 58, 1, 2),
(395, 20, '26/05/2022', 0.3, 59, 1, 2),
(396, 20, '26/05/2022', 0.3, 60, 1, 2),
(397, 20, '26/05/2022', 0.3, 61, 1, 2),
(398, 20, '26/05/2022', 0.3, 62, 1, 2),
(399, 20, '26/05/2022', 0.3, 63, 1, 2),
(400, 20, '26/05/2022', 0.3, 64, 1, 2),
(401, 20, '26/05/2022', 0.3, 65, 1, 2),
(402, 20, '26/05/2022', 0.3, 66, 1, 2),
(403, 20, '26/05/2022', 0.3, 67, 1, 2),
(404, 20, '26/05/2022', 0.3, 68, 1, 2),
(405, 20, '26/05/2022', 0.3, 69, 1, 2),
(406, 20, '26/05/2022', 0.3, 70, 1, 2),
(407, 20, '26/05/2022', 0.3, 71, 1, 2),
(408, 20, '26/05/2022', 0.3, 72, 1, 2),
(409, 20, '26/05/2022', 0.3, 73, 1, 2),
(410, 20, '26/05/2022', 0.3, 74, 1, 2),
(411, 20, '26/05/2022', 0.3, 75, 1, 2),
(412, 20, '26/05/2022', 0.3, 76, 1, 2),
(413, 20, '26/05/2022', 0.3, 77, 1, 2),
(414, 20, '26/05/2022', 0.3, 78, 1, 2),
(415, 20, '26/05/2022', 0.3, 79, 1, 2),
(416, 20, '26/05/2022', 0.3, 80, 1, 2),
(417, 20, '26/05/2022', 0.3, 81, 1, 2),
(418, 20, '26/05/2022', 0.3, 82, 1, 2),
(419, 20, '26/05/2022', 0.3, 83, 1, 2),
(420, 20, '26/05/2022', 0.3, 84, 1, 2),
(421, 20, '26/05/2022', 0.3, 85, 1, 2),
(422, 20, '26/05/2022', 0.3, 86, 1, 2),
(423, 20, '26/05/2022', 0.3, 87, 1, 2),
(424, 20, '26/05/2022', 0.3, 88, 1, 2),
(425, 20, '26/05/2022', 0.3, 89, 1, 2),
(426, 20, '26/05/2022', 0.3, 90, 1, 2),
(427, 20, '26/05/2022', 0.3, 91, 1, 2),
(428, 20, '26/05/2022', 0.3, 92, 1, 2),
(429, 20, '26/05/2022', 0.3, 93, 1, 2),
(430, 20, '26/05/2022', 0.3, 94, 1, 2),
(431, 20, '26/05/2022', 0.3, 95, 1, 2),
(432, 20, '26/05/2022', 0.3, 96, 1, 2),
(433, 20, '26/05/2022', 0.3, 97, 1, 2),
(434, 20, '26/05/2022', 0.3, 98, 1, 2),
(435, 20, '26/05/2022', 0.3, 99, 1, 2),
(436, 20, '26/05/2022', 0.3, 100, 1, 2),
(437, 20, '26/05/2022', 0.3, 101, 1, 2),
(438, 20, '26/05/2022', 0.3, 102, 1, 2),
(439, 20, '26/05/2022', 0.3, 103, 1, 2),
(440, 20, '26/05/2022', 0.3, 104, 1, 2),
(441, 20, '26/05/2022', 0.3, 105, 1, 2),
(442, 20, '26/05/2022', 0.3, 106, 1, 2),
(443, 20, '26/05/2022', 0.3, 107, 1, 2),
(444, 20, '26/05/2022', 0.3, 108, 1, 2),
(445, 20, '26/05/2022', 0.3, 109, 1, 2),
(446, 20, '26/05/2022', 0.3, 110, 1, 2),
(447, 20, '26/05/2022', 0.3, 111, 1, 2),
(448, 20, '26/05/2022', 0.3, 112, 1, 2),
(449, 20, '26/05/2022', 0.3, 1, 2, 2),
(450, 20, '26/05/2022', 0.3, 2, 2, 2),
(451, 20, '26/05/2022', 0.3, 3, 2, 2),
(452, 20, '26/05/2022', 0.3, 4, 2, 2),
(453, 20, '26/05/2022', 0.3, 5, 2, 2),
(454, 20, '26/05/2022', 0.3, 6, 2, 2),
(455, 20, '26/05/2022', 0.3, 7, 2, 2),
(456, 20, '26/05/2022', 0.3, 8, 2, 2),
(457, 20, '26/05/2022', 0.3, 9, 2, 2),
(458, 20, '26/05/2022', 0.3, 10, 2, 2),
(459, 20, '26/05/2022', 0.3, 11, 2, 2),
(460, 20, '26/05/2022', 0.3, 12, 2, 2),
(461, 20, '26/05/2022', 0.3, 13, 2, 2),
(462, 20, '26/05/2022', 0.3, 14, 2, 2),
(463, 20, '26/05/2022', 0.3, 15, 2, 2),
(464, 20, '26/05/2022', 0.3, 16, 2, 2),
(465, 20, '26/05/2022', 0.3, 17, 2, 2),
(466, 20, '26/05/2022', 0.3, 18, 2, 2),
(467, 20, '26/05/2022', 0.3, 19, 2, 2),
(468, 20, '26/05/2022', 0.3, 20, 2, 2),
(469, 20, '26/05/2022', 0.3, 21, 2, 2),
(470, 20, '26/05/2022', 0.3, 22, 2, 2),
(471, 20, '26/05/2022', 0.3, 23, 2, 2),
(472, 20, '26/05/2022', 0.3, 24, 2, 2),
(473, 20, '26/05/2022', 0.3, 25, 2, 2),
(474, 20, '26/05/2022', 0.3, 26, 2, 2),
(475, 20, '26/05/2022', 0.3, 27, 2, 2),
(476, 20, '26/05/2022', 0.3, 28, 2, 2),
(477, 20, '26/05/2022', 0.3, 29, 2, 2),
(478, 20, '26/05/2022', 0.3, 30, 2, 2),
(479, 20, '26/05/2022', 0.3, 31, 2, 2),
(480, 20, '26/05/2022', 0.3, 32, 2, 2),
(481, 20, '26/05/2022', 0.3, 33, 2, 2),
(482, 20, '26/05/2022', 0.3, 34, 2, 2),
(483, 20, '26/05/2022', 0.3, 35, 2, 2),
(484, 20, '26/05/2022', 0.3, 36, 2, 2),
(485, 20, '26/05/2022', 0.3, 37, 2, 2),
(486, 20, '26/05/2022', 0.3, 38, 2, 2),
(487, 20, '26/05/2022', 0.3, 39, 2, 2),
(488, 20, '26/05/2022', 0.3, 40, 2, 2),
(489, 20, '26/05/2022', 0.3, 41, 2, 2),
(490, 20, '26/05/2022', 0.3, 42, 2, 2),
(491, 20, '26/05/2022', 0.3, 43, 2, 2),
(492, 20, '26/05/2022', 0.3, 44, 2, 2),
(493, 20, '26/05/2022', 0.3, 45, 2, 2),
(494, 20, '26/05/2022', 0.3, 46, 2, 2),
(495, 20, '26/05/2022', 0.3, 47, 2, 2),
(496, 20, '26/05/2022', 0.3, 48, 2, 2),
(497, 20, '26/05/2022', 0.3, 49, 2, 2),
(498, 20, '26/05/2022', 0.3, 50, 2, 2),
(499, 20, '26/05/2022', 0.3, 51, 2, 2),
(500, 20, '26/05/2022', 0.3, 52, 2, 2),
(501, 20, '26/05/2022', 0.3, 53, 2, 2),
(502, 20, '26/05/2022', 0.3, 54, 2, 2),
(503, 20, '26/05/2022', 0.3, 55, 2, 2),
(504, 20, '26/05/2022', 0.3, 56, 2, 2),
(505, 20, '26/05/2022', 0.3, 57, 2, 2),
(506, 20, '26/05/2022', 0.3, 58, 2, 2),
(507, 20, '26/05/2022', 0.3, 59, 2, 2),
(508, 20, '26/05/2022', 0.3, 60, 2, 2),
(509, 20, '26/05/2022', 0.3, 61, 2, 2),
(510, 20, '26/05/2022', 0.3, 62, 2, 2),
(511, 20, '26/05/2022', 0.3, 63, 2, 2),
(512, 20, '26/05/2022', 0.3, 64, 2, 2),
(513, 20, '26/05/2022', 0.3, 65, 2, 2),
(514, 20, '26/05/2022', 0.3, 66, 2, 2),
(515, 20, '26/05/2022', 0.3, 67, 2, 2),
(516, 20, '26/05/2022', 0.3, 68, 2, 2),
(517, 20, '26/05/2022', 0.3, 69, 2, 2),
(518, 20, '26/05/2022', 0.3, 70, 2, 2),
(519, 20, '26/05/2022', 0.3, 71, 2, 2),
(520, 20, '26/05/2022', 0.3, 72, 2, 2),
(521, 20, '26/05/2022', 0.3, 73, 2, 2),
(522, 20, '26/05/2022', 0.3, 74, 2, 2),
(523, 20, '26/05/2022', 0.3, 75, 2, 2),
(524, 20, '26/05/2022', 0.3, 76, 2, 2),
(525, 20, '26/05/2022', 0.3, 77, 2, 2),
(526, 20, '26/05/2022', 0.3, 78, 2, 2),
(527, 20, '26/05/2022', 0.3, 79, 2, 2),
(528, 20, '26/05/2022', 0.3, 80, 2, 2),
(529, 20, '26/05/2022', 0.3, 81, 2, 2),
(530, 20, '26/05/2022', 0.3, 82, 2, 2),
(531, 20, '26/05/2022', 0.3, 83, 2, 2),
(532, 20, '26/05/2022', 0.3, 84, 2, 2),
(533, 20, '26/05/2022', 0.3, 85, 2, 2),
(534, 20, '26/05/2022', 0.3, 86, 2, 2),
(535, 20, '26/05/2022', 0.3, 87, 2, 2),
(536, 20, '26/05/2022', 0.3, 88, 2, 2),
(537, 20, '26/05/2022', 0.3, 89, 2, 2),
(538, 20, '26/05/2022', 0.3, 90, 2, 2),
(539, 20, '26/05/2022', 0.3, 91, 2, 2),
(540, 20, '26/05/2022', 0.3, 92, 2, 2),
(541, 20, '26/05/2022', 0.3, 93, 2, 2),
(542, 20, '26/05/2022', 0.3, 94, 2, 2),
(543, 20, '26/05/2022', 0.3, 95, 2, 2),
(544, 20, '26/05/2022', 0.3, 96, 2, 2),
(545, 20, '26/05/2022', 0.3, 97, 2, 2),
(546, 20, '26/05/2022', 0.3, 98, 2, 2),
(547, 20, '26/05/2022', 0.3, 99, 2, 2),
(548, 20, '26/05/2022', 0.3, 100, 2, 2),
(549, 20, '26/05/2022', 0.3, 101, 2, 2),
(550, 20, '26/05/2022', 0.3, 102, 2, 2),
(551, 20, '26/05/2022', 0.3, 103, 2, 2),
(552, 20, '26/05/2022', 0.3, 104, 2, 2),
(553, 20, '26/05/2022', 0.3, 105, 2, 2),
(554, 20, '26/05/2022', 0.3, 106, 2, 2),
(555, 20, '26/05/2022', 0.3, 107, 2, 2),
(556, 20, '26/05/2022', 0.3, 108, 2, 2),
(557, 20, '26/05/2022', 0.3, 109, 2, 2),
(558, 20, '26/05/2022', 0.3, 110, 2, 2),
(559, 20, '26/05/2022', 0.3, 111, 2, 2),
(560, 20, '26/05/2022', 0.3, 112, 2, 2),
(561, 20, '26/05/2022', 0.3, 1, 3, 2),
(562, 20, '26/05/2022', 0.3, 2, 3, 2),
(563, 20, '26/05/2022', 0.3, 3, 3, 2),
(564, 20, '26/05/2022', 0.3, 4, 3, 2),
(565, 20, '26/05/2022', 0.3, 5, 3, 2),
(566, 20, '26/05/2022', 0.3, 6, 3, 2),
(567, 20, '26/05/2022', 0.3, 7, 3, 2),
(568, 20, '26/05/2022', 0.3, 8, 3, 2),
(569, 20, '26/05/2022', 0.3, 9, 3, 2),
(570, 20, '26/05/2022', 0.3, 10, 3, 2),
(571, 20, '26/05/2022', 0.3, 11, 3, 2),
(572, 20, '26/05/2022', 0.3, 12, 3, 2),
(573, 20, '26/05/2022', 0.3, 13, 3, 2),
(574, 20, '26/05/2022', 0.3, 14, 3, 2),
(575, 20, '26/05/2022', 0.3, 15, 3, 2),
(576, 20, '26/05/2022', 0.3, 16, 3, 2),
(577, 20, '26/05/2022', 0.3, 17, 3, 2),
(578, 20, '26/05/2022', 0.3, 18, 3, 2),
(579, 20, '26/05/2022', 0.3, 19, 3, 2),
(580, 20, '26/05/2022', 0.3, 20, 3, 2),
(581, 20, '26/05/2022', 0.3, 21, 3, 2),
(582, 20, '26/05/2022', 0.3, 22, 3, 2),
(583, 20, '26/05/2022', 0.3, 23, 3, 2),
(584, 20, '26/05/2022', 0.3, 24, 3, 2),
(585, 20, '26/05/2022', 0.3, 25, 3, 2),
(586, 20, '26/05/2022', 0.3, 26, 3, 2),
(587, 20, '26/05/2022', 0.3, 27, 3, 2),
(588, 20, '26/05/2022', 0.3, 28, 3, 2),
(589, 20, '26/05/2022', 0.3, 29, 3, 2),
(590, 20, '26/05/2022', 0.3, 30, 3, 2),
(591, 20, '26/05/2022', 0.3, 31, 3, 2),
(592, 20, '26/05/2022', 0.3, 32, 3, 2),
(593, 20, '26/05/2022', 0.3, 33, 3, 2),
(594, 20, '26/05/2022', 0.3, 34, 3, 2),
(595, 20, '26/05/2022', 0.3, 35, 3, 2),
(596, 20, '26/05/2022', 0.3, 36, 3, 2),
(597, 20, '26/05/2022', 0.3, 37, 3, 2),
(598, 20, '26/05/2022', 0.3, 38, 3, 2),
(599, 20, '26/05/2022', 0.3, 39, 3, 2),
(600, 20, '26/05/2022', 0.3, 40, 3, 2),
(601, 20, '26/05/2022', 0.3, 41, 3, 2),
(602, 20, '26/05/2022', 0.3, 42, 3, 2),
(603, 20, '26/05/2022', 0.3, 43, 3, 2),
(604, 20, '26/05/2022', 0.3, 44, 3, 2),
(605, 20, '26/05/2022', 0.3, 45, 3, 2),
(606, 20, '26/05/2022', 0.3, 46, 3, 2),
(607, 20, '26/05/2022', 0.3, 47, 3, 2),
(608, 20, '26/05/2022', 0.3, 48, 3, 2),
(609, 20, '26/05/2022', 0.3, 49, 3, 2),
(610, 20, '26/05/2022', 0.3, 50, 3, 2),
(611, 20, '26/05/2022', 0.3, 51, 3, 2),
(612, 20, '26/05/2022', 0.3, 52, 3, 2),
(613, 20, '26/05/2022', 0.3, 53, 3, 2),
(614, 20, '26/05/2022', 0.3, 54, 3, 2),
(615, 20, '26/05/2022', 0.3, 55, 3, 2),
(616, 20, '26/05/2022', 0.3, 56, 3, 2),
(617, 20, '26/05/2022', 0.3, 57, 3, 2),
(618, 20, '26/05/2022', 0.3, 58, 3, 2),
(619, 20, '26/05/2022', 0.3, 59, 3, 2),
(620, 20, '26/05/2022', 0.3, 60, 3, 2),
(621, 20, '26/05/2022', 0.3, 61, 3, 2),
(622, 20, '26/05/2022', 0.3, 62, 3, 2),
(623, 20, '26/05/2022', 0.3, 63, 3, 2),
(624, 20, '26/05/2022', 0.3, 64, 3, 2),
(625, 20, '26/05/2022', 0.3, 65, 3, 2),
(626, 20, '26/05/2022', 0.3, 66, 3, 2),
(627, 20, '26/05/2022', 0.3, 67, 3, 2),
(628, 20, '26/05/2022', 0.3, 68, 3, 2),
(629, 20, '26/05/2022', 0.3, 69, 3, 2),
(630, 20, '26/05/2022', 0.3, 70, 3, 2),
(631, 20, '26/05/2022', 0.3, 71, 3, 2),
(632, 20, '26/05/2022', 0.3, 72, 3, 2),
(633, 20, '26/05/2022', 0.3, 73, 3, 2),
(634, 20, '26/05/2022', 0.3, 74, 3, 2),
(635, 20, '26/05/2022', 0.3, 75, 3, 2),
(636, 20, '26/05/2022', 0.3, 76, 3, 2),
(637, 20, '26/05/2022', 0.3, 77, 3, 2),
(638, 20, '26/05/2022', 0.3, 78, 3, 2),
(639, 20, '26/05/2022', 0.3, 79, 3, 2),
(640, 20, '26/05/2022', 0.3, 80, 3, 2),
(641, 20, '26/05/2022', 0.3, 81, 3, 2),
(642, 20, '26/05/2022', 0.3, 82, 3, 2),
(643, 20, '26/05/2022', 0.3, 83, 3, 2),
(644, 20, '26/05/2022', 0.3, 84, 3, 2),
(645, 20, '26/05/2022', 0.3, 85, 3, 2),
(646, 20, '26/05/2022', 0.3, 86, 3, 2),
(647, 20, '26/05/2022', 0.3, 87, 3, 2),
(648, 20, '26/05/2022', 0.3, 88, 3, 2),
(649, 20, '26/05/2022', 0.3, 89, 3, 2),
(650, 20, '26/05/2022', 0.3, 90, 3, 2),
(651, 20, '26/05/2022', 0.3, 91, 3, 2),
(652, 20, '26/05/2022', 0.3, 92, 3, 2),
(653, 20, '26/05/2022', 0.3, 93, 3, 2),
(654, 20, '26/05/2022', 0.3, 94, 3, 2),
(655, 20, '26/05/2022', 0.3, 95, 3, 2),
(656, 20, '26/05/2022', 0.3, 96, 3, 2),
(657, 20, '26/05/2022', 0.3, 97, 3, 2),
(658, 20, '26/05/2022', 0.3, 98, 3, 2),
(659, 20, '26/05/2022', 0.3, 99, 3, 2),
(660, 20, '26/05/2022', 0.3, 100, 3, 2),
(661, 20, '26/05/2022', 0.3, 101, 3, 2),
(662, 20, '26/05/2022', 0.3, 102, 3, 2),
(663, 20, '26/05/2022', 0.3, 103, 3, 2),
(664, 20, '26/05/2022', 0.3, 104, 3, 2),
(665, 20, '26/05/2022', 0.3, 105, 3, 2),
(666, 20, '26/05/2022', 0.3, 106, 3, 2),
(667, 20, '26/05/2022', 0.3, 107, 3, 2),
(668, 20, '26/05/2022', 0.3, 108, 3, 2),
(669, 20, '26/05/2022', 0.3, 109, 3, 2),
(670, 20, '26/05/2022', 0.3, 110, 3, 2),
(671, 20, '26/05/2022', 0.3, 111, 3, 2),
(672, 20, '26/05/2022', 0.3, 112, 3, 2),
(673, 20, '26/05/2022', 0.2, 1, 1, 3),
(674, 20, '26/05/2022', 0.2, 2, 1, 3),
(675, 20, '26/05/2022', 0.2, 3, 1, 3),
(676, 20, '26/05/2022', 0.2, 4, 1, 3),
(677, 20, '26/05/2022', 0.2, 5, 1, 3),
(678, 20, '26/05/2022', 0.2, 6, 1, 3),
(679, 20, '26/05/2022', 0.2, 7, 1, 3),
(680, 20, '26/05/2022', 0.2, 8, 1, 3),
(681, 20, '26/05/2022', 0.2, 9, 1, 3),
(682, 20, '26/05/2022', 0.2, 10, 1, 3),
(683, 20, '26/05/2022', 0.2, 11, 1, 3),
(684, 20, '26/05/2022', 0.2, 12, 1, 3),
(685, 20, '26/05/2022', 0.2, 13, 1, 3),
(686, 20, '26/05/2022', 0.2, 14, 1, 3),
(687, 20, '26/05/2022', 0.2, 15, 1, 3),
(688, 20, '26/05/2022', 0.2, 16, 1, 3),
(689, 20, '26/05/2022', 0.2, 17, 1, 3),
(690, 20, '26/05/2022', 0.2, 18, 1, 3),
(691, 20, '26/05/2022', 0.2, 19, 1, 3),
(692, 20, '26/05/2022', 0.2, 20, 1, 3),
(693, 20, '26/05/2022', 0.2, 21, 1, 3),
(694, 20, '26/05/2022', 0.2, 22, 1, 3),
(695, 20, '26/05/2022', 0.2, 23, 1, 3),
(696, 20, '26/05/2022', 0.2, 24, 1, 3),
(697, 20, '26/05/2022', 0.2, 25, 1, 3),
(698, 20, '26/05/2022', 0.2, 26, 1, 3),
(699, 20, '26/05/2022', 0.2, 27, 1, 3),
(700, 20, '26/05/2022', 0.2, 28, 1, 3),
(701, 20, '26/05/2022', 0.2, 29, 1, 3),
(702, 20, '26/05/2022', 0.2, 30, 1, 3),
(703, 20, '26/05/2022', 0.2, 31, 1, 3),
(704, 20, '26/05/2022', 0.2, 32, 1, 3),
(705, 20, '26/05/2022', 0.2, 33, 1, 3),
(706, 20, '26/05/2022', 0.2, 34, 1, 3),
(707, 20, '26/05/2022', 0.2, 35, 1, 3),
(708, 20, '26/05/2022', 0.2, 36, 1, 3),
(709, 20, '26/05/2022', 0.2, 37, 1, 3),
(710, 20, '26/05/2022', 0.2, 38, 1, 3),
(711, 20, '26/05/2022', 0.2, 39, 1, 3),
(712, 20, '26/05/2022', 0.2, 40, 1, 3),
(713, 20, '26/05/2022', 0.2, 41, 1, 3),
(714, 20, '26/05/2022', 0.2, 42, 1, 3),
(715, 20, '26/05/2022', 0.2, 43, 1, 3),
(716, 20, '26/05/2022', 0.2, 44, 1, 3),
(717, 20, '26/05/2022', 0.2, 45, 1, 3),
(718, 20, '26/05/2022', 0.2, 46, 1, 3),
(719, 20, '26/05/2022', 0.2, 47, 1, 3),
(720, 20, '26/05/2022', 0.2, 48, 1, 3),
(721, 20, '26/05/2022', 0.2, 49, 1, 3),
(722, 20, '26/05/2022', 0.2, 50, 1, 3),
(723, 20, '26/05/2022', 0.2, 51, 1, 3),
(724, 20, '26/05/2022', 0.2, 52, 1, 3),
(725, 20, '26/05/2022', 0.2, 53, 1, 3),
(726, 20, '26/05/2022', 0.2, 54, 1, 3),
(727, 20, '26/05/2022', 0.2, 55, 1, 3),
(728, 20, '26/05/2022', 0.2, 56, 1, 3),
(729, 20, '26/05/2022', 0.2, 57, 1, 3),
(730, 20, '26/05/2022', 0.2, 58, 1, 3),
(731, 20, '26/05/2022', 0.2, 59, 1, 3),
(732, 20, '26/05/2022', 0.2, 60, 1, 3),
(733, 20, '26/05/2022', 0.2, 61, 1, 3),
(734, 20, '26/05/2022', 0.2, 62, 1, 3),
(735, 20, '26/05/2022', 0.2, 63, 1, 3),
(736, 20, '26/05/2022', 0.2, 64, 1, 3),
(737, 20, '26/05/2022', 0.2, 65, 1, 3),
(738, 20, '26/05/2022', 0.2, 66, 1, 3),
(739, 20, '26/05/2022', 0.2, 67, 1, 3),
(740, 20, '26/05/2022', 0.2, 68, 1, 3),
(741, 20, '26/05/2022', 0.2, 69, 1, 3),
(742, 20, '26/05/2022', 0.2, 70, 1, 3),
(743, 20, '26/05/2022', 0.2, 71, 1, 3),
(744, 20, '26/05/2022', 0.2, 72, 1, 3),
(745, 20, '26/05/2022', 0.2, 73, 1, 3),
(746, 20, '26/05/2022', 0.2, 74, 1, 3),
(747, 20, '26/05/2022', 0.2, 75, 1, 3),
(748, 20, '26/05/2022', 0.2, 76, 1, 3),
(749, 20, '26/05/2022', 0.2, 77, 1, 3),
(750, 20, '26/05/2022', 0.2, 78, 1, 3),
(751, 20, '26/05/2022', 0.2, 79, 1, 3),
(752, 20, '26/05/2022', 0.2, 80, 1, 3),
(753, 20, '26/05/2022', 0.2, 81, 1, 3),
(754, 20, '26/05/2022', 0.2, 82, 1, 3),
(755, 20, '26/05/2022', 0.2, 83, 1, 3),
(756, 20, '26/05/2022', 0.2, 84, 1, 3),
(757, 20, '26/05/2022', 0.2, 85, 1, 3),
(758, 20, '26/05/2022', 0.2, 86, 1, 3),
(759, 20, '26/05/2022', 0.2, 87, 1, 3),
(760, 20, '26/05/2022', 0.2, 88, 1, 3),
(761, 20, '26/05/2022', 0.2, 89, 1, 3),
(762, 20, '26/05/2022', 0.2, 90, 1, 3),
(763, 20, '26/05/2022', 0.2, 91, 1, 3),
(764, 20, '26/05/2022', 0.2, 92, 1, 3),
(765, 20, '26/05/2022', 0.2, 93, 1, 3),
(766, 20, '26/05/2022', 0.2, 94, 1, 3),
(767, 20, '26/05/2022', 0.2, 95, 1, 3),
(768, 20, '26/05/2022', 0.2, 96, 1, 3),
(769, 20, '26/05/2022', 0.2, 97, 1, 3),
(770, 20, '26/05/2022', 0.2, 98, 1, 3),
(771, 20, '26/05/2022', 0.2, 99, 1, 3),
(772, 20, '26/05/2022', 0.2, 100, 1, 3),
(773, 20, '26/05/2022', 0.2, 101, 1, 3),
(774, 20, '26/05/2022', 0.2, 102, 1, 3),
(775, 20, '26/05/2022', 0.2, 103, 1, 3),
(776, 20, '26/05/2022', 0.2, 104, 1, 3),
(777, 20, '26/05/2022', 0.2, 105, 1, 3),
(778, 20, '26/05/2022', 0.2, 106, 1, 3),
(779, 20, '26/05/2022', 0.2, 107, 1, 3),
(780, 20, '26/05/2022', 0.2, 108, 1, 3),
(781, 20, '26/05/2022', 0.2, 109, 1, 3),
(782, 20, '26/05/2022', 0.2, 110, 1, 3),
(783, 20, '26/05/2022', 0.2, 111, 1, 3),
(784, 20, '26/05/2022', 0.2, 112, 1, 3),
(785, 20, '26/05/2022', 0.2, 1, 2, 3),
(786, 20, '26/05/2022', 0.2, 2, 2, 3),
(787, 20, '26/05/2022', 0.2, 3, 2, 3),
(788, 20, '26/05/2022', 0.2, 4, 2, 3),
(789, 20, '26/05/2022', 0.2, 5, 2, 3),
(790, 20, '26/05/2022', 0.2, 6, 2, 3),
(791, 20, '26/05/2022', 0.2, 7, 2, 3),
(792, 20, '26/05/2022', 0.2, 8, 2, 3),
(793, 20, '26/05/2022', 0.2, 9, 2, 3),
(794, 20, '26/05/2022', 0.2, 10, 2, 3),
(795, 20, '26/05/2022', 0.2, 11, 2, 3),
(796, 20, '26/05/2022', 0.2, 12, 2, 3),
(797, 20, '26/05/2022', 0.2, 13, 2, 3),
(798, 20, '26/05/2022', 0.2, 14, 2, 3),
(799, 20, '26/05/2022', 0.2, 15, 2, 3),
(800, 20, '26/05/2022', 0.2, 16, 2, 3),
(801, 20, '26/05/2022', 0.2, 17, 2, 3),
(802, 20, '26/05/2022', 0.2, 18, 2, 3),
(803, 20, '26/05/2022', 0.2, 19, 2, 3),
(804, 20, '26/05/2022', 0.2, 20, 2, 3),
(805, 20, '26/05/2022', 0.2, 21, 2, 3),
(806, 20, '26/05/2022', 0.2, 22, 2, 3),
(807, 20, '26/05/2022', 0.2, 23, 2, 3),
(808, 20, '26/05/2022', 0.2, 24, 2, 3),
(809, 20, '26/05/2022', 0.2, 25, 2, 3),
(810, 20, '26/05/2022', 0.2, 26, 2, 3),
(811, 20, '26/05/2022', 0.2, 27, 2, 3),
(812, 20, '26/05/2022', 0.2, 28, 2, 3),
(813, 20, '26/05/2022', 0.2, 29, 2, 3),
(814, 20, '26/05/2022', 0.2, 30, 2, 3),
(815, 20, '26/05/2022', 0.2, 31, 2, 3),
(816, 20, '26/05/2022', 0.2, 32, 2, 3),
(817, 20, '26/05/2022', 0.2, 33, 2, 3),
(818, 20, '26/05/2022', 0.2, 34, 2, 3),
(819, 20, '26/05/2022', 0.2, 35, 2, 3),
(820, 20, '26/05/2022', 0.2, 36, 2, 3),
(821, 20, '26/05/2022', 0.2, 37, 2, 3),
(822, 20, '26/05/2022', 0.2, 38, 2, 3),
(823, 20, '26/05/2022', 0.2, 39, 2, 3),
(824, 20, '26/05/2022', 0.2, 40, 2, 3),
(825, 20, '26/05/2022', 0.2, 41, 2, 3),
(826, 20, '26/05/2022', 0.2, 42, 2, 3),
(827, 20, '26/05/2022', 0.2, 43, 2, 3),
(828, 20, '26/05/2022', 0.2, 44, 2, 3),
(829, 20, '26/05/2022', 0.2, 45, 2, 3),
(830, 20, '26/05/2022', 0.2, 46, 2, 3),
(831, 20, '26/05/2022', 0.2, 47, 2, 3),
(832, 20, '26/05/2022', 0.2, 48, 2, 3),
(833, 20, '26/05/2022', 0.2, 49, 2, 3),
(834, 20, '26/05/2022', 0.2, 50, 2, 3),
(835, 20, '26/05/2022', 0.2, 51, 2, 3),
(836, 20, '26/05/2022', 0.2, 52, 2, 3),
(837, 20, '26/05/2022', 0.2, 53, 2, 3),
(838, 20, '26/05/2022', 0.2, 54, 2, 3),
(839, 20, '26/05/2022', 0.2, 55, 2, 3),
(840, 20, '26/05/2022', 0.2, 56, 2, 3),
(841, 20, '26/05/2022', 0.2, 57, 2, 3),
(842, 20, '26/05/2022', 0.2, 58, 2, 3),
(843, 20, '26/05/2022', 0.2, 59, 2, 3),
(844, 20, '26/05/2022', 0.2, 60, 2, 3),
(845, 20, '26/05/2022', 0.2, 61, 2, 3),
(846, 20, '26/05/2022', 0.2, 62, 2, 3),
(847, 20, '26/05/2022', 0.2, 63, 2, 3),
(848, 20, '26/05/2022', 0.2, 64, 2, 3),
(849, 20, '26/05/2022', 0.2, 65, 2, 3),
(850, 20, '26/05/2022', 0.2, 66, 2, 3),
(851, 20, '26/05/2022', 0.2, 67, 2, 3),
(852, 20, '26/05/2022', 0.2, 68, 2, 3),
(853, 20, '26/05/2022', 0.2, 69, 2, 3),
(854, 20, '26/05/2022', 0.2, 70, 2, 3),
(855, 20, '26/05/2022', 0.2, 71, 2, 3),
(856, 20, '26/05/2022', 0.2, 72, 2, 3),
(857, 20, '26/05/2022', 0.2, 73, 2, 3),
(858, 20, '26/05/2022', 0.2, 74, 2, 3),
(859, 20, '26/05/2022', 0.2, 75, 2, 3),
(860, 20, '26/05/2022', 0.2, 76, 2, 3),
(861, 20, '26/05/2022', 0.2, 77, 2, 3),
(862, 20, '26/05/2022', 0.2, 78, 2, 3),
(863, 20, '26/05/2022', 0.2, 79, 2, 3),
(864, 20, '26/05/2022', 0.2, 80, 2, 3),
(865, 20, '26/05/2022', 0.2, 81, 2, 3),
(866, 20, '26/05/2022', 0.2, 82, 2, 3),
(867, 20, '26/05/2022', 0.2, 83, 2, 3),
(868, 20, '26/05/2022', 0.2, 84, 2, 3),
(869, 20, '26/05/2022', 0.2, 85, 2, 3),
(870, 20, '26/05/2022', 0.2, 86, 2, 3),
(871, 20, '26/05/2022', 0.2, 87, 2, 3),
(872, 20, '26/05/2022', 0.2, 88, 2, 3),
(873, 20, '26/05/2022', 0.2, 89, 2, 3),
(874, 20, '26/05/2022', 0.2, 90, 2, 3),
(875, 20, '26/05/2022', 0.2, 91, 2, 3),
(876, 20, '26/05/2022', 0.2, 92, 2, 3),
(877, 20, '26/05/2022', 0.2, 93, 2, 3),
(878, 20, '26/05/2022', 0.2, 94, 2, 3),
(879, 20, '26/05/2022', 0.2, 95, 2, 3),
(880, 20, '26/05/2022', 0.2, 96, 2, 3),
(881, 20, '26/05/2022', 0.2, 97, 2, 3),
(882, 20, '26/05/2022', 0.2, 98, 2, 3),
(883, 20, '26/05/2022', 0.2, 99, 2, 3),
(884, 20, '26/05/2022', 0.2, 100, 2, 3),
(885, 20, '26/05/2022', 0.2, 101, 2, 3),
(886, 20, '26/05/2022', 0.2, 102, 2, 3),
(887, 20, '26/05/2022', 0.2, 103, 2, 3),
(888, 20, '26/05/2022', 0.2, 104, 2, 3),
(889, 20, '26/05/2022', 0.2, 105, 2, 3),
(890, 20, '26/05/2022', 0.2, 106, 2, 3),
(891, 20, '26/05/2022', 0.2, 107, 2, 3),
(892, 20, '26/05/2022', 0.2, 108, 2, 3),
(893, 20, '26/05/2022', 0.2, 109, 2, 3),
(894, 20, '26/05/2022', 0.2, 110, 2, 3),
(895, 20, '26/05/2022', 0.2, 111, 2, 3),
(896, 20, '26/05/2022', 0.2, 112, 2, 3),
(897, 20, '26/05/2022', 0.2, 1, 3, 3),
(898, 20, '26/05/2022', 0.2, 2, 3, 3),
(899, 20, '26/05/2022', 0.2, 3, 3, 3),
(900, 20, '26/05/2022', 0.2, 4, 3, 3),
(901, 20, '26/05/2022', 0.2, 5, 3, 3),
(902, 20, '26/05/2022', 0.2, 6, 3, 3),
(903, 20, '26/05/2022', 0.2, 7, 3, 3),
(904, 20, '26/05/2022', 0.2, 8, 3, 3),
(905, 20, '26/05/2022', 0.2, 9, 3, 3),
(906, 20, '26/05/2022', 0.2, 10, 3, 3),
(907, 20, '26/05/2022', 0.2, 11, 3, 3),
(908, 20, '26/05/2022', 0.2, 12, 3, 3),
(909, 20, '26/05/2022', 0.2, 13, 3, 3),
(910, 20, '26/05/2022', 0.2, 14, 3, 3),
(911, 20, '26/05/2022', 0.2, 15, 3, 3),
(912, 20, '26/05/2022', 0.2, 16, 3, 3),
(913, 20, '26/05/2022', 0.2, 17, 3, 3),
(914, 20, '26/05/2022', 0.2, 18, 3, 3),
(915, 20, '26/05/2022', 0.2, 19, 3, 3),
(916, 20, '26/05/2022', 0.2, 20, 3, 3),
(917, 20, '26/05/2022', 0.2, 21, 3, 3),
(918, 20, '26/05/2022', 0.2, 22, 3, 3),
(919, 20, '26/05/2022', 0.2, 23, 3, 3),
(920, 20, '26/05/2022', 0.2, 24, 3, 3),
(921, 20, '26/05/2022', 0.2, 25, 3, 3),
(922, 20, '26/05/2022', 0.2, 26, 3, 3),
(923, 20, '26/05/2022', 0.2, 27, 3, 3),
(924, 20, '26/05/2022', 0.2, 28, 3, 3),
(925, 20, '26/05/2022', 0.2, 29, 3, 3),
(926, 20, '26/05/2022', 0.2, 30, 3, 3),
(927, 20, '26/05/2022', 0.2, 31, 3, 3),
(928, 20, '26/05/2022', 0.2, 32, 3, 3),
(929, 20, '26/05/2022', 0.2, 33, 3, 3),
(930, 20, '26/05/2022', 0.2, 34, 3, 3),
(931, 20, '26/05/2022', 0.2, 35, 3, 3),
(932, 20, '26/05/2022', 0.2, 36, 3, 3),
(933, 20, '26/05/2022', 0.2, 37, 3, 3),
(934, 20, '26/05/2022', 0.2, 38, 3, 3),
(935, 20, '26/05/2022', 0.2, 39, 3, 3),
(936, 20, '26/05/2022', 0.2, 40, 3, 3),
(937, 20, '26/05/2022', 0.2, 41, 3, 3),
(938, 20, '26/05/2022', 0.2, 42, 3, 3),
(939, 20, '26/05/2022', 0.2, 43, 3, 3),
(940, 20, '26/05/2022', 0.2, 44, 3, 3),
(941, 20, '26/05/2022', 0.2, 45, 3, 3),
(942, 20, '26/05/2022', 0.2, 46, 3, 3),
(943, 20, '26/05/2022', 0.2, 47, 3, 3),
(944, 20, '26/05/2022', 0.2, 48, 3, 3),
(945, 20, '26/05/2022', 0.2, 49, 3, 3),
(946, 20, '26/05/2022', 0.2, 50, 3, 3),
(947, 20, '26/05/2022', 0.2, 51, 3, 3),
(948, 20, '26/05/2022', 0.2, 52, 3, 3),
(949, 20, '26/05/2022', 0.2, 53, 3, 3),
(950, 20, '26/05/2022', 0.2, 54, 3, 3),
(951, 20, '26/05/2022', 0.2, 55, 3, 3),
(952, 20, '26/05/2022', 0.2, 56, 3, 3),
(953, 20, '26/05/2022', 0.2, 57, 3, 3),
(954, 20, '26/05/2022', 0.2, 58, 3, 3),
(955, 20, '26/05/2022', 0.2, 59, 3, 3),
(956, 20, '26/05/2022', 0.2, 60, 3, 3),
(957, 20, '26/05/2022', 0.2, 61, 3, 3),
(958, 20, '26/05/2022', 0.2, 62, 3, 3),
(959, 20, '26/05/2022', 0.2, 63, 3, 3),
(960, 20, '26/05/2022', 0.2, 64, 3, 3),
(961, 20, '26/05/2022', 0.2, 65, 3, 3),
(962, 20, '26/05/2022', 0.2, 66, 3, 3),
(963, 20, '26/05/2022', 0.2, 67, 3, 3),
(964, 20, '26/05/2022', 0.2, 68, 3, 3),
(965, 20, '26/05/2022', 0.2, 69, 3, 3),
(966, 20, '26/05/2022', 0.2, 70, 3, 3),
(967, 20, '26/05/2022', 0.2, 71, 3, 3),
(968, 20, '26/05/2022', 0.2, 72, 3, 3),
(969, 20, '26/05/2022', 0.2, 73, 3, 3),
(970, 20, '26/05/2022', 0.2, 74, 3, 3),
(971, 20, '26/05/2022', 0.2, 75, 3, 3),
(972, 20, '26/05/2022', 0.2, 76, 3, 3),
(973, 20, '26/05/2022', 0.2, 77, 3, 3),
(974, 20, '26/05/2022', 0.2, 78, 3, 3),
(975, 20, '26/05/2022', 0.2, 79, 3, 3),
(976, 20, '26/05/2022', 0.2, 80, 3, 3),
(977, 20, '26/05/2022', 0.2, 81, 3, 3),
(978, 20, '26/05/2022', 0.2, 82, 3, 3),
(979, 20, '26/05/2022', 0.2, 83, 3, 3),
(980, 20, '26/05/2022', 0.2, 84, 3, 3),
(981, 20, '26/05/2022', 0.2, 85, 3, 3),
(982, 20, '26/05/2022', 0.2, 86, 3, 3),
(983, 20, '26/05/2022', 0.2, 87, 3, 3),
(984, 20, '26/05/2022', 0.2, 88, 3, 3),
(985, 20, '26/05/2022', 0.2, 89, 3, 3),
(986, 20, '26/05/2022', 0.2, 90, 3, 3),
(987, 20, '26/05/2022', 0.2, 91, 3, 3),
(988, 20, '26/05/2022', 0.2, 92, 3, 3),
(989, 20, '26/05/2022', 0.2, 93, 3, 3),
(990, 20, '26/05/2022', 0.2, 94, 3, 3),
(991, 20, '26/05/2022', 0.2, 95, 3, 3),
(992, 20, '26/05/2022', 0.2, 96, 3, 3),
(993, 20, '26/05/2022', 0.2, 97, 3, 3),
(994, 20, '26/05/2022', 0.2, 98, 3, 3),
(995, 20, '26/05/2022', 0.2, 99, 3, 3),
(996, 20, '26/05/2022', 0.2, 100, 3, 3),
(997, 20, '26/05/2022', 0.2, 101, 3, 3),
(998, 20, '26/05/2022', 0.2, 102, 3, 3),
(999, 20, '26/05/2022', 0.2, 103, 3, 3),
(1000, 20, '26/05/2022', 0.2, 104, 3, 3),
(1001, 20, '26/05/2022', 0.2, 105, 3, 3),
(1002, 20, '26/05/2022', 0.2, 106, 3, 3),
(1003, 20, '26/05/2022', 0.2, 107, 3, 3),
(1004, 20, '26/05/2022', 0.2, 108, 3, 3),
(1005, 20, '26/05/2022', 0.2, 109, 3, 3),
(1006, 20, '26/05/2022', 0.2, 110, 3, 3),
(1007, 20, '26/05/2022', 0.2, 111, 3, 3),
(1008, 20, '26/05/2022', 0.2, 112, 3, 3),
(1009, 20, '26/05/2022', 0.4, 1, 1, 4),
(1010, 20, '26/05/2022', 0.4, 2, 1, 4),
(1011, 20, '26/05/2022', 0.4, 3, 1, 4),
(1012, 20, '26/05/2022', 0.4, 4, 1, 4),
(1013, 20, '26/05/2022', 0.4, 5, 1, 4),
(1014, 20, '26/05/2022', 0.4, 6, 1, 4),
(1015, 20, '26/05/2022', 0.4, 7, 1, 4),
(1016, 20, '26/05/2022', 0.4, 8, 1, 4),
(1017, 20, '26/05/2022', 0.4, 9, 1, 4),
(1018, 20, '26/05/2022', 0.4, 10, 1, 4),
(1019, 20, '26/05/2022', 0.4, 11, 1, 4),
(1020, 20, '26/05/2022', 0.4, 12, 1, 4),
(1021, 20, '26/05/2022', 0.4, 13, 1, 4),
(1022, 20, '26/05/2022', 0.4, 14, 1, 4),
(1023, 20, '26/05/2022', 0.4, 15, 1, 4),
(1024, 20, '26/05/2022', 0.4, 16, 1, 4),
(1025, 20, '26/05/2022', 0.4, 17, 1, 4),
(1026, 20, '26/05/2022', 0.4, 18, 1, 4),
(1027, 20, '26/05/2022', 0.4, 19, 1, 4),
(1028, 20, '26/05/2022', 0.4, 20, 1, 4),
(1029, 20, '26/05/2022', 0.4, 21, 1, 4),
(1030, 20, '26/05/2022', 0.4, 22, 1, 4),
(1031, 20, '26/05/2022', 0.4, 23, 1, 4),
(1032, 20, '26/05/2022', 0.4, 24, 1, 4),
(1033, 20, '26/05/2022', 0.4, 25, 1, 4),
(1034, 20, '26/05/2022', 0.4, 26, 1, 4),
(1035, 20, '26/05/2022', 0.4, 27, 1, 4),
(1036, 20, '26/05/2022', 0.4, 28, 1, 4),
(1037, 20, '26/05/2022', 0.4, 29, 1, 4),
(1038, 20, '26/05/2022', 0.4, 30, 1, 4),
(1039, 20, '26/05/2022', 0.4, 31, 1, 4),
(1040, 20, '26/05/2022', 0.4, 32, 1, 4),
(1041, 20, '26/05/2022', 0.4, 33, 1, 4),
(1042, 20, '26/05/2022', 0.4, 34, 1, 4),
(1043, 20, '26/05/2022', 0.4, 35, 1, 4),
(1044, 20, '26/05/2022', 0.4, 36, 1, 4),
(1045, 20, '26/05/2022', 0.4, 37, 1, 4),
(1046, 20, '26/05/2022', 0.4, 38, 1, 4),
(1047, 20, '26/05/2022', 0.4, 39, 1, 4),
(1048, 20, '26/05/2022', 0.4, 40, 1, 4),
(1049, 20, '26/05/2022', 0.4, 41, 1, 4),
(1050, 20, '26/05/2022', 0.4, 42, 1, 4),
(1051, 20, '26/05/2022', 0.4, 43, 1, 4),
(1052, 20, '26/05/2022', 0.4, 44, 1, 4),
(1053, 20, '26/05/2022', 0.4, 45, 1, 4),
(1054, 20, '26/05/2022', 0.4, 46, 1, 4),
(1055, 20, '26/05/2022', 0.4, 47, 1, 4),
(1056, 20, '26/05/2022', 0.4, 48, 1, 4),
(1057, 20, '26/05/2022', 0.4, 49, 1, 4),
(1058, 20, '26/05/2022', 0.4, 50, 1, 4),
(1059, 20, '26/05/2022', 0.4, 51, 1, 4),
(1060, 20, '26/05/2022', 0.4, 52, 1, 4),
(1061, 20, '26/05/2022', 0.4, 53, 1, 4),
(1062, 20, '26/05/2022', 0.4, 54, 1, 4),
(1063, 20, '26/05/2022', 0.4, 55, 1, 4),
(1064, 20, '26/05/2022', 0.4, 56, 1, 4),
(1065, 20, '26/05/2022', 0.4, 57, 1, 4),
(1066, 20, '26/05/2022', 0.4, 58, 1, 4),
(1067, 20, '26/05/2022', 0.4, 59, 1, 4),
(1068, 20, '26/05/2022', 0.4, 60, 1, 4),
(1069, 20, '26/05/2022', 0.4, 61, 1, 4),
(1070, 20, '26/05/2022', 0.4, 62, 1, 4),
(1071, 20, '26/05/2022', 0.4, 63, 1, 4),
(1072, 20, '26/05/2022', 0.4, 64, 1, 4),
(1073, 20, '26/05/2022', 0.4, 65, 1, 4),
(1074, 20, '26/05/2022', 0.4, 66, 1, 4),
(1075, 20, '26/05/2022', 0.4, 67, 1, 4),
(1076, 20, '26/05/2022', 0.4, 68, 1, 4),
(1077, 20, '26/05/2022', 0.4, 69, 1, 4),
(1078, 20, '26/05/2022', 0.4, 70, 1, 4),
(1079, 20, '26/05/2022', 0.4, 71, 1, 4),
(1080, 20, '26/05/2022', 0.4, 72, 1, 4),
(1081, 20, '26/05/2022', 0.4, 73, 1, 4),
(1082, 20, '26/05/2022', 0.4, 74, 1, 4),
(1083, 20, '26/05/2022', 0.4, 75, 1, 4),
(1084, 20, '26/05/2022', 0.4, 76, 1, 4),
(1085, 20, '26/05/2022', 0.4, 77, 1, 4),
(1086, 20, '26/05/2022', 0.4, 78, 1, 4),
(1087, 20, '26/05/2022', 0.4, 79, 1, 4),
(1088, 20, '26/05/2022', 0.4, 80, 1, 4),
(1089, 20, '26/05/2022', 0.4, 81, 1, 4),
(1090, 20, '26/05/2022', 0.4, 82, 1, 4),
(1091, 20, '26/05/2022', 0.4, 83, 1, 4),
(1092, 20, '26/05/2022', 0.4, 84, 1, 4),
(1093, 20, '26/05/2022', 0.4, 85, 1, 4),
(1094, 20, '26/05/2022', 0.4, 86, 1, 4),
(1095, 20, '26/05/2022', 0.4, 87, 1, 4),
(1096, 20, '26/05/2022', 0.4, 88, 1, 4),
(1097, 20, '26/05/2022', 0.4, 89, 1, 4),
(1098, 20, '26/05/2022', 0.4, 90, 1, 4),
(1099, 20, '26/05/2022', 0.4, 91, 1, 4),
(1100, 20, '26/05/2022', 0.4, 92, 1, 4),
(1101, 20, '26/05/2022', 0.4, 93, 1, 4),
(1102, 20, '26/05/2022', 0.4, 94, 1, 4),
(1103, 20, '26/05/2022', 0.4, 95, 1, 4),
(1104, 20, '26/05/2022', 0.4, 96, 1, 4),
(1105, 20, '26/05/2022', 0.4, 97, 1, 4),
(1106, 20, '26/05/2022', 0.4, 98, 1, 4),
(1107, 20, '26/05/2022', 0.4, 99, 1, 4),
(1108, 20, '26/05/2022', 0.4, 100, 1, 4),
(1109, 20, '26/05/2022', 0.4, 101, 1, 4),
(1110, 20, '26/05/2022', 0.4, 102, 1, 4),
(1111, 20, '26/05/2022', 0.4, 103, 1, 4),
(1112, 20, '26/05/2022', 0.4, 104, 1, 4),
(1113, 20, '26/05/2022', 0.4, 105, 1, 4),
(1114, 20, '26/05/2022', 0.4, 106, 1, 4),
(1115, 20, '26/05/2022', 0.4, 107, 1, 4),
(1116, 20, '26/05/2022', 0.4, 108, 1, 4),
(1117, 20, '26/05/2022', 0.4, 109, 1, 4),
(1118, 20, '26/05/2022', 0.4, 110, 1, 4),
(1119, 20, '26/05/2022', 0.4, 111, 1, 4),
(1120, 20, '26/05/2022', 0.4, 112, 1, 4),
(1121, 20, '26/05/2022', 0.4, 1, 2, 4),
(1122, 20, '26/05/2022', 0.4, 2, 2, 4),
(1123, 20, '26/05/2022', 0.4, 3, 2, 4),
(1124, 20, '26/05/2022', 0.4, 4, 2, 4),
(1125, 20, '26/05/2022', 0.4, 5, 2, 4),
(1126, 20, '26/05/2022', 0.4, 6, 2, 4),
(1127, 20, '26/05/2022', 0.4, 7, 2, 4),
(1128, 20, '26/05/2022', 0.4, 8, 2, 4),
(1129, 20, '26/05/2022', 0.4, 9, 2, 4),
(1130, 20, '26/05/2022', 0.4, 10, 2, 4),
(1131, 20, '26/05/2022', 0.4, 11, 2, 4),
(1132, 20, '26/05/2022', 0.4, 12, 2, 4),
(1133, 20, '26/05/2022', 0.4, 13, 2, 4),
(1134, 20, '26/05/2022', 0.4, 14, 2, 4),
(1135, 20, '26/05/2022', 0.4, 15, 2, 4),
(1136, 20, '26/05/2022', 0.4, 16, 2, 4),
(1137, 20, '26/05/2022', 0.4, 17, 2, 4),
(1138, 20, '26/05/2022', 0.4, 18, 2, 4),
(1139, 20, '26/05/2022', 0.4, 19, 2, 4),
(1140, 20, '26/05/2022', 0.4, 20, 2, 4),
(1141, 20, '26/05/2022', 0.4, 21, 2, 4),
(1142, 20, '26/05/2022', 0.4, 22, 2, 4),
(1143, 20, '26/05/2022', 0.4, 23, 2, 4),
(1144, 20, '26/05/2022', 0.4, 24, 2, 4),
(1145, 20, '26/05/2022', 0.4, 25, 2, 4),
(1146, 20, '26/05/2022', 0.4, 26, 2, 4),
(1147, 20, '26/05/2022', 0.4, 27, 2, 4),
(1148, 20, '26/05/2022', 0.4, 28, 2, 4),
(1149, 20, '26/05/2022', 0.4, 29, 2, 4),
(1150, 20, '26/05/2022', 0.4, 30, 2, 4),
(1151, 20, '26/05/2022', 0.4, 31, 2, 4),
(1152, 20, '26/05/2022', 0.4, 32, 2, 4),
(1153, 20, '26/05/2022', 0.4, 33, 2, 4),
(1154, 20, '26/05/2022', 0.4, 34, 2, 4),
(1155, 20, '26/05/2022', 0.4, 35, 2, 4),
(1156, 20, '26/05/2022', 0.4, 36, 2, 4),
(1157, 20, '26/05/2022', 0.4, 37, 2, 4),
(1158, 20, '26/05/2022', 0.4, 38, 2, 4),
(1159, 20, '26/05/2022', 0.4, 39, 2, 4),
(1160, 20, '26/05/2022', 0.4, 40, 2, 4),
(1161, 20, '26/05/2022', 0.4, 41, 2, 4),
(1162, 20, '26/05/2022', 0.4, 42, 2, 4),
(1163, 20, '26/05/2022', 0.4, 43, 2, 4),
(1164, 20, '26/05/2022', 0.4, 44, 2, 4),
(1165, 20, '26/05/2022', 0.4, 45, 2, 4),
(1166, 20, '26/05/2022', 0.4, 46, 2, 4),
(1167, 20, '26/05/2022', 0.4, 47, 2, 4),
(1168, 20, '26/05/2022', 0.4, 48, 2, 4),
(1169, 20, '26/05/2022', 0.4, 49, 2, 4),
(1170, 20, '26/05/2022', 0.4, 50, 2, 4),
(1171, 20, '26/05/2022', 0.4, 51, 2, 4),
(1172, 20, '26/05/2022', 0.4, 52, 2, 4),
(1173, 20, '26/05/2022', 0.4, 53, 2, 4),
(1174, 20, '26/05/2022', 0.4, 54, 2, 4),
(1175, 20, '26/05/2022', 0.4, 55, 2, 4),
(1176, 20, '26/05/2022', 0.4, 56, 2, 4),
(1177, 20, '26/05/2022', 0.4, 57, 2, 4),
(1178, 20, '26/05/2022', 0.4, 58, 2, 4),
(1179, 20, '26/05/2022', 0.4, 59, 2, 4),
(1180, 20, '26/05/2022', 0.4, 60, 2, 4),
(1181, 20, '26/05/2022', 0.4, 61, 2, 4),
(1182, 20, '26/05/2022', 0.4, 62, 2, 4),
(1183, 20, '26/05/2022', 0.4, 63, 2, 4),
(1184, 20, '26/05/2022', 0.4, 64, 2, 4),
(1185, 20, '26/05/2022', 0.4, 65, 2, 4),
(1186, 20, '26/05/2022', 0.4, 66, 2, 4),
(1187, 20, '26/05/2022', 0.4, 67, 2, 4),
(1188, 20, '26/05/2022', 0.4, 68, 2, 4),
(1189, 20, '26/05/2022', 0.4, 69, 2, 4),
(1190, 20, '26/05/2022', 0.4, 70, 2, 4),
(1191, 20, '26/05/2022', 0.4, 71, 2, 4),
(1192, 20, '26/05/2022', 0.4, 72, 2, 4),
(1193, 20, '26/05/2022', 0.4, 73, 2, 4),
(1194, 20, '26/05/2022', 0.4, 74, 2, 4),
(1195, 20, '26/05/2022', 0.4, 75, 2, 4),
(1196, 20, '26/05/2022', 0.4, 76, 2, 4),
(1197, 20, '26/05/2022', 0.4, 77, 2, 4),
(1198, 20, '26/05/2022', 0.4, 78, 2, 4),
(1199, 20, '26/05/2022', 0.4, 79, 2, 4),
(1200, 20, '26/05/2022', 0.4, 80, 2, 4),
(1201, 20, '26/05/2022', 0.4, 81, 2, 4),
(1202, 20, '26/05/2022', 0.4, 82, 2, 4),
(1203, 20, '26/05/2022', 0.4, 83, 2, 4),
(1204, 20, '26/05/2022', 0.4, 84, 2, 4),
(1205, 20, '26/05/2022', 0.4, 85, 2, 4),
(1206, 20, '26/05/2022', 0.4, 86, 2, 4),
(1207, 20, '26/05/2022', 0.4, 87, 2, 4),
(1208, 20, '26/05/2022', 0.4, 88, 2, 4),
(1209, 20, '26/05/2022', 0.4, 89, 2, 4),
(1210, 20, '26/05/2022', 0.4, 90, 2, 4),
(1211, 20, '26/05/2022', 0.4, 91, 2, 4),
(1212, 20, '26/05/2022', 0.4, 92, 2, 4),
(1213, 20, '26/05/2022', 0.4, 93, 2, 4),
(1214, 20, '26/05/2022', 0.4, 94, 2, 4),
(1215, 20, '26/05/2022', 0.4, 95, 2, 4),
(1216, 20, '26/05/2022', 0.4, 96, 2, 4),
(1217, 20, '26/05/2022', 0.4, 97, 2, 4),
(1218, 20, '26/05/2022', 0.4, 98, 2, 4),
(1219, 20, '26/05/2022', 0.4, 99, 2, 4),
(1220, 20, '26/05/2022', 0.4, 100, 2, 4),
(1221, 20, '26/05/2022', 0.4, 101, 2, 4),
(1222, 20, '26/05/2022', 0.4, 102, 2, 4),
(1223, 20, '26/05/2022', 0.4, 103, 2, 4),
(1224, 20, '26/05/2022', 0.4, 104, 2, 4),
(1225, 20, '26/05/2022', 0.4, 105, 2, 4),
(1226, 20, '26/05/2022', 0.4, 106, 2, 4),
(1227, 20, '26/05/2022', 0.4, 107, 2, 4),
(1228, 20, '26/05/2022', 0.4, 108, 2, 4),
(1229, 20, '26/05/2022', 0.4, 109, 2, 4),
(1230, 20, '26/05/2022', 0.4, 110, 2, 4),
(1231, 20, '26/05/2022', 0.4, 111, 2, 4),
(1232, 20, '26/05/2022', 0.4, 112, 2, 4),
(1233, 20, '26/05/2022', 0.4, 1, 3, 4),
(1234, 20, '26/05/2022', 0.4, 2, 3, 4),
(1235, 20, '26/05/2022', 0.4, 3, 3, 4),
(1236, 20, '26/05/2022', 0.4, 4, 3, 4),
(1237, 20, '26/05/2022', 0.4, 5, 3, 4),
(1238, 20, '26/05/2022', 0.4, 6, 3, 4),
(1239, 20, '26/05/2022', 0.4, 7, 3, 4),
(1240, 20, '26/05/2022', 0.4, 8, 3, 4),
(1241, 20, '26/05/2022', 0.4, 9, 3, 4),
(1242, 20, '26/05/2022', 0.4, 10, 3, 4),
(1243, 20, '26/05/2022', 0.4, 11, 3, 4),
(1244, 20, '26/05/2022', 0.4, 12, 3, 4),
(1245, 20, '26/05/2022', 0.4, 13, 3, 4),
(1246, 20, '26/05/2022', 0.4, 14, 3, 4),
(1247, 20, '26/05/2022', 0.4, 15, 3, 4),
(1248, 20, '26/05/2022', 0.4, 16, 3, 4),
(1249, 20, '26/05/2022', 0.4, 17, 3, 4),
(1250, 20, '26/05/2022', 0.4, 18, 3, 4),
(1251, 20, '26/05/2022', 0.4, 19, 3, 4),
(1252, 20, '26/05/2022', 0.4, 20, 3, 4),
(1253, 20, '26/05/2022', 0.4, 21, 3, 4),
(1254, 20, '26/05/2022', 0.4, 22, 3, 4),
(1255, 20, '26/05/2022', 0.4, 23, 3, 4),
(1256, 20, '26/05/2022', 0.4, 24, 3, 4),
(1257, 20, '26/05/2022', 0.4, 25, 3, 4),
(1258, 20, '26/05/2022', 0.4, 26, 3, 4),
(1259, 20, '26/05/2022', 0.4, 27, 3, 4),
(1260, 20, '26/05/2022', 0.4, 28, 3, 4),
(1261, 20, '26/05/2022', 0.4, 29, 3, 4),
(1262, 20, '26/05/2022', 0.4, 30, 3, 4),
(1263, 20, '26/05/2022', 0.4, 31, 3, 4),
(1264, 20, '26/05/2022', 0.4, 32, 3, 4),
(1265, 20, '26/05/2022', 0.4, 33, 3, 4),
(1266, 20, '26/05/2022', 0.4, 34, 3, 4),
(1267, 20, '26/05/2022', 0.4, 35, 3, 4),
(1268, 20, '26/05/2022', 0.4, 36, 3, 4),
(1269, 20, '26/05/2022', 0.4, 37, 3, 4),
(1270, 20, '26/05/2022', 0.4, 38, 3, 4),
(1271, 20, '26/05/2022', 0.4, 39, 3, 4),
(1272, 20, '26/05/2022', 0.4, 40, 3, 4),
(1273, 20, '26/05/2022', 0.4, 41, 3, 4),
(1274, 20, '26/05/2022', 0.4, 42, 3, 4),
(1275, 20, '26/05/2022', 0.4, 43, 3, 4),
(1276, 20, '26/05/2022', 0.4, 44, 3, 4),
(1277, 20, '26/05/2022', 0.4, 45, 3, 4),
(1278, 20, '26/05/2022', 0.4, 46, 3, 4),
(1279, 20, '26/05/2022', 0.4, 47, 3, 4),
(1280, 20, '26/05/2022', 0.4, 48, 3, 4),
(1281, 20, '26/05/2022', 0.4, 49, 3, 4),
(1282, 20, '26/05/2022', 0.4, 50, 3, 4),
(1283, 20, '26/05/2022', 0.4, 51, 3, 4),
(1284, 20, '26/05/2022', 0.4, 52, 3, 4),
(1285, 20, '26/05/2022', 0.4, 53, 3, 4),
(1286, 20, '26/05/2022', 0.4, 54, 3, 4),
(1287, 20, '26/05/2022', 0.4, 55, 3, 4),
(1288, 20, '26/05/2022', 0.4, 56, 3, 4),
(1289, 20, '26/05/2022', 0.4, 57, 3, 4),
(1290, 20, '26/05/2022', 0.4, 58, 3, 4),
(1291, 20, '26/05/2022', 0.4, 59, 3, 4),
(1292, 20, '26/05/2022', 0.4, 60, 3, 4),
(1293, 20, '26/05/2022', 0.4, 61, 3, 4),
(1294, 20, '26/05/2022', 0.4, 62, 3, 4),
(1295, 20, '26/05/2022', 0.4, 63, 3, 4),
(1296, 20, '26/05/2022', 0.4, 64, 3, 4),
(1297, 20, '26/05/2022', 0.4, 65, 3, 4),
(1298, 20, '26/05/2022', 0.4, 66, 3, 4),
(1299, 20, '26/05/2022', 0.4, 67, 3, 4),
(1300, 20, '26/05/2022', 0.4, 68, 3, 4),
(1301, 20, '26/05/2022', 0.4, 69, 3, 4),
(1302, 20, '26/05/2022', 0.4, 70, 3, 4),
(1303, 20, '26/05/2022', 0.4, 71, 3, 4),
(1304, 20, '26/05/2022', 0.4, 72, 3, 4),
(1305, 20, '26/05/2022', 0.4, 73, 3, 4),
(1306, 20, '26/05/2022', 0.4, 74, 3, 4),
(1307, 20, '26/05/2022', 0.4, 75, 3, 4);
INSERT INTO `evaluation` (`id`, `bareme`, `date`, `poids`, `cours`, `periode`, `type`) VALUES
(1308, 20, '26/05/2022', 0.4, 76, 3, 4),
(1309, 20, '26/05/2022', 0.4, 77, 3, 4),
(1310, 20, '26/05/2022', 0.4, 78, 3, 4),
(1311, 20, '26/05/2022', 0.4, 79, 3, 4),
(1312, 20, '26/05/2022', 0.4, 80, 3, 4),
(1313, 20, '26/05/2022', 0.4, 81, 3, 4),
(1314, 20, '26/05/2022', 0.4, 82, 3, 4),
(1315, 20, '26/05/2022', 0.4, 83, 3, 4),
(1316, 20, '26/05/2022', 0.4, 84, 3, 4),
(1317, 20, '26/05/2022', 0.4, 85, 3, 4),
(1318, 20, '26/05/2022', 0.4, 86, 3, 4),
(1319, 20, '26/05/2022', 0.4, 87, 3, 4),
(1320, 20, '26/05/2022', 0.4, 88, 3, 4),
(1321, 20, '26/05/2022', 0.4, 89, 3, 4),
(1322, 20, '26/05/2022', 0.4, 90, 3, 4),
(1323, 20, '26/05/2022', 0.4, 91, 3, 4),
(1324, 20, '26/05/2022', 0.4, 92, 3, 4),
(1325, 20, '26/05/2022', 0.4, 93, 3, 4),
(1326, 20, '26/05/2022', 0.4, 94, 3, 4),
(1327, 20, '26/05/2022', 0.4, 95, 3, 4),
(1328, 20, '26/05/2022', 0.4, 96, 3, 4),
(1329, 20, '26/05/2022', 0.4, 97, 3, 4),
(1330, 20, '26/05/2022', 0.4, 98, 3, 4),
(1331, 20, '26/05/2022', 0.4, 99, 3, 4),
(1332, 20, '26/05/2022', 0.4, 100, 3, 4),
(1333, 20, '26/05/2022', 0.4, 101, 3, 4),
(1334, 20, '26/05/2022', 0.4, 102, 3, 4),
(1335, 20, '26/05/2022', 0.4, 103, 3, 4),
(1336, 20, '26/05/2022', 0.4, 104, 3, 4),
(1337, 20, '26/05/2022', 0.4, 105, 3, 4),
(1338, 20, '26/05/2022', 0.4, 106, 3, 4),
(1339, 20, '26/05/2022', 0.4, 107, 3, 4),
(1340, 20, '26/05/2022', 0.4, 108, 3, 4),
(1341, 20, '26/05/2022', 0.4, 109, 3, 4),
(1342, 20, '26/05/2022', 0.4, 110, 3, 4),
(1343, 20, '26/05/2022', 0.4, 111, 3, 4),
(1344, 20, '26/05/2022', 0.4, 112, 3, 4);

-- --------------------------------------------------------

--
-- Structure de la table `matiere`
--

CREATE TABLE `matiere` (
  `id` bigint(20) NOT NULL,
  `code` varchar(50) DEFAULT NULL,
  `libelle` varchar(50) DEFAULT NULL
) ENGINE=InnoDB DEFAULT CHARSET=utf8mb4;

--
-- Déchargement des données de la table `matiere`
--

INSERT INTO `matiere` (`id`, `code`, `libelle`) VALUES
(1, 'FRA', 'Francais'),
(2, 'MTH', 'Mathematiques'),
(3, 'HG', 'Histo-Geo'),
(4, 'SP', 'Sciences Phy.'),
(5, 'SVT', 'Sciences Nat.'),
(6, 'ANG', 'Anglais'),
(7, 'ECM', 'Educ. Civ.');

-- --------------------------------------------------------

--
-- Structure de la table `niveau`
--

CREATE TABLE `niveau` (
  `id` bigint(20) NOT NULL,
  `description` varchar(255) DEFAULT NULL,
  `libelle` varchar(255) DEFAULT NULL,
  `numero` int(11) DEFAULT NULL
) ENGINE=InnoDB DEFAULT CHARSET=utf8mb4;

--
-- Déchargement des données de la table `niveau`
--

INSERT INTO `niveau` (`id`, `description`, `libelle`, `numero`) VALUES
(1, 'Classe de Sixieme', '6e', 1),
(2, 'Classe de Cinqieme', '5e', 2),
(3, 'Classe de Quatrieme', '4e', 3),
(4, 'Classe de Troisieme', '3e', 4);

-- --------------------------------------------------------

--
-- Structure de la table `note`
--

CREATE TABLE `note` (
  `id` bigint(20) NOT NULL,
  `valeurObtenue` double DEFAULT NULL,
  `eleve` bigint(20) DEFAULT NULL,
  `evaluation` bigint(20) DEFAULT NULL
) ENGINE=InnoDB DEFAULT CHARSET=utf8mb4;

--
-- Déchargement des données de la table `note`
--

INSERT INTO `note` (`id`, `valeurObtenue`, `eleve`, `evaluation`) VALUES
(1, 10, 2, 41),
(2, 15.75, 2, 377),
(3, 17.25, 2, 713),
(4, 14, 2, 1049),
(5, 11, 2, 36),
(6, 16.75, 2, 372),
(7, 13.25, 2, 708),
(8, 12, 2, 1044),
(9, 18, 2, 38),
(10, 15.25, 2, 374),
(11, 11, 2, 710),
(12, 13.25, 2, 1046),
(13, 13.5, 2, 37),
(14, 12, 2, 373),
(15, 10, 2, 709),
(16, 19.75, 2, 1045),
(17, 17, 2, 39),
(18, 14.75, 2, 375),
(19, 16.25, 2, 711),
(20, 15, 2, 1047),
(21, 10, 2, 40),
(22, 15, 2, 376),
(23, 12.25, 2, 712),
(24, 14, 2, 1048),
(25, 13, 2, 42),
(26, 17.25, 2, 378),
(27, 14, 2, 714),
(28, 14.5, 2, 1050),
(29, 3, 4, 223),
(30, 8.25, 4, 559),
(31, 7.25, 4, 895),
(32, 12, 4, 1231),
(33, 13, 4, 218),
(34, 17.25, 4, 554),
(35, 14, 4, 890),
(36, 14.5, 4, 1226),
(37, 11, 4, 220),
(38, 16.25, 4, 556),
(39, 11.75, 4, 892),
(40, 10.25, 4, 1228),
(41, 2.5, 4, 219),
(42, 10, 4, 555),
(43, 10, 4, 891),
(44, 7.75, 4, 1227),
(45, 12.5, 4, 221),
(46, 11.75, 4, 557),
(47, 10.25, 4, 893),
(48, 13.5, 4, 1229),
(49, 10, 4, 222),
(50, 14, 4, 558),
(51, 9.25, 4, 894),
(52, 11.25, 4, 1230),
(53, 12.25, 4, 224),
(54, 15.5, 4, 560),
(55, 14, 4, 896),
(56, 13, 4, 1232);

-- --------------------------------------------------------

--
-- Structure de la table `periode`
--

CREATE TABLE `periode` (
  `id` bigint(20) NOT NULL,
  `libelle` varchar(50) DEFAULT NULL,
  `numero` int(11) DEFAULT NULL
) ENGINE=InnoDB DEFAULT CHARSET=utf8mb4;

--
-- Déchargement des données de la table `periode`
--

INSERT INTO `periode` (`id`, `libelle`, `numero`) VALUES
(1, 'Premier Trimestre', 1),
(2, 'Deuxieme Trimestre', 2),
(3, 'Troisieme Trimestre', 3);

-- --------------------------------------------------------

--
-- Structure de la table `rang`
--

CREATE TABLE `rang` (
  `id` bigint(20) NOT NULL,
  `moyenne` double DEFAULT NULL,
  `eleve` bigint(20) DEFAULT NULL
) ENGINE=InnoDB DEFAULT CHARSET=utf8mb4;

--
-- Déchargement des données de la table `rang`
--

INSERT INTO `rang` (`id`, `moyenne`, `eleve`) VALUES
(1, 0, 2);

-- --------------------------------------------------------

--
-- Structure de la table `typeevaluation`
--

CREATE TABLE `typeevaluation` (
  `id` bigint(20) NOT NULL,
  `code` varchar(255) DEFAULT NULL,
  `libelle` varchar(255) DEFAULT NULL
) ENGINE=InnoDB DEFAULT CHARSET=utf8mb4;

--
-- Déchargement des données de la table `typeevaluation`
--

INSERT INTO `typeevaluation` (`id`, `code`, `libelle`) VALUES
(1, 'INT', 'Iterrogation Ecrite'),
(2, 'DST', 'Devoir Sur Table'),
(3, 'TP', 'Travaux Pratiques'),
(4, 'EX', 'Examen');

--
-- Index pour les tables déchargées
--

--
-- Index pour la table `bulletin`
--
ALTER TABLE `bulletin`
  ADD PRIMARY KEY (`id`),
  ADD KEY `FK9bqghk03h5uwo61bk61krfcy0` (`eleve`),
  ADD KEY `FKb7mkxhk7di57k6dt2oupf089w` (`periode`);

--
-- Index pour la table `classe`
--
ALTER TABLE `classe`
  ADD PRIMARY KEY (`id`),
  ADD KEY `FK8gf9pulyu8yxnaao3lj8wvomb` (`niveau`);

--
-- Index pour la table `cours`
--
ALTER TABLE `cours`
  ADD PRIMARY KEY (`id`),
  ADD KEY `FKpj55irmjse2hsfjrfd9l724sh` (`classe`),
  ADD KEY `FKpjpxydjmh8u69nwny59bday4v` (`enseignant`),
  ADD KEY `FKdr0jmeea32b6x9dnhhi21yoju` (`enseignement`);

--
-- Index pour la table `eleve`
--
ALTER TABLE `eleve`
  ADD PRIMARY KEY (`id`),
  ADD UNIQUE KEY `UKtj0b5oabvt2uyys676n2qsmbu` (`matricule`),
  ADD KEY `FKtm4814k188tbtebyh7dj90y0f` (`classe`);

--
-- Index pour la table `enseignant`
--
ALTER TABLE `enseignant`
  ADD PRIMARY KEY (`id`),
  ADD KEY `FK6grwa057c15ql8cqv9rfxbsqd` (`matiere`);

--
-- Index pour la table `enseignement`
--
ALTER TABLE `enseignement`
  ADD PRIMARY KEY (`id`),
  ADD KEY `FK25rndrspth0rqipr7esgnqvv6` (`matiere`),
  ADD KEY `FKbxeldle5ibege4fgd3hi3hw9f` (`niveau`);

--
-- Index pour la table `evaluation`
--
ALTER TABLE `evaluation`
  ADD PRIMARY KEY (`id`),
  ADD KEY `FK4texssuclda69dt8v4amkhy5q` (`cours`),
  ADD KEY `FKcbn24rklg57fr67iuijit0uha` (`periode`),
  ADD KEY `FK6o3xjopmx97t95jsxot9iwp99` (`type`);

--
-- Index pour la table `matiere`
--
ALTER TABLE `matiere`
  ADD PRIMARY KEY (`id`),
  ADD UNIQUE KEY `UKg0mfcc3lvpj77q6hbx3e3grs` (`code`);

--
-- Index pour la table `niveau`
--
ALTER TABLE `niveau`
  ADD PRIMARY KEY (`id`),
  ADD UNIQUE KEY `UKip1sbd2rrx0c9lkcqy61qi8hg` (`numero`);

--
-- Index pour la table `note`
--
ALTER TABLE `note`
  ADD PRIMARY KEY (`id`),
  ADD KEY `FKprwmuv5osqyxin14wdohabbtv` (`eleve`),
  ADD KEY `FK1c72scifonby8tkpkq72miyxl` (`evaluation`);

--
-- Index pour la table `periode`
--
ALTER TABLE `periode`
  ADD PRIMARY KEY (`id`),
  ADD UNIQUE KEY `UK75yue6pco4diye1ymuhrbwny5` (`numero`);

--
-- Index pour la table `rang`
--
ALTER TABLE `rang`
  ADD PRIMARY KEY (`id`),
  ADD UNIQUE KEY `UKp7gy9jk5dq0tkjip5y1n9tv96` (`eleve`);

--
-- Index pour la table `typeevaluation`
--
ALTER TABLE `typeevaluation`
  ADD PRIMARY KEY (`id`),
  ADD UNIQUE KEY `UKgphqtx5gpg8hb7nt1upsp7s89` (`code`);

--
-- AUTO_INCREMENT pour les tables déchargées
--

--
-- AUTO_INCREMENT pour la table `bulletin`
--
ALTER TABLE `bulletin`
  MODIFY `id` bigint(20) NOT NULL AUTO_INCREMENT;

--
-- AUTO_INCREMENT pour la table `classe`
--
ALTER TABLE `classe`
  MODIFY `id` bigint(20) NOT NULL AUTO_INCREMENT, AUTO_INCREMENT=5;

--
-- AUTO_INCREMENT pour la table `cours`
--
ALTER TABLE `cours`
  MODIFY `id` bigint(20) NOT NULL AUTO_INCREMENT, AUTO_INCREMENT=113;

--
-- AUTO_INCREMENT pour la table `eleve`
--
ALTER TABLE `eleve`
  MODIFY `id` bigint(20) NOT NULL AUTO_INCREMENT, AUTO_INCREMENT=5;

--
-- AUTO_INCREMENT pour la table `enseignant`
--
ALTER TABLE `enseignant`
  MODIFY `id` bigint(20) NOT NULL AUTO_INCREMENT, AUTO_INCREMENT=8;

--
-- AUTO_INCREMENT pour la table `enseignement`
--
ALTER TABLE `enseignement`
  MODIFY `id` bigint(20) NOT NULL AUTO_INCREMENT, AUTO_INCREMENT=29;

--
-- AUTO_INCREMENT pour la table `evaluation`
--
ALTER TABLE `evaluation`
  MODIFY `id` bigint(20) NOT NULL AUTO_INCREMENT, AUTO_INCREMENT=1345;

--
-- AUTO_INCREMENT pour la table `matiere`
--
ALTER TABLE `matiere`
  MODIFY `id` bigint(20) NOT NULL AUTO_INCREMENT, AUTO_INCREMENT=8;

--
-- AUTO_INCREMENT pour la table `niveau`
--
ALTER TABLE `niveau`
  MODIFY `id` bigint(20) NOT NULL AUTO_INCREMENT, AUTO_INCREMENT=7;

--
-- AUTO_INCREMENT pour la table `note`
--
ALTER TABLE `note`
  MODIFY `id` bigint(20) NOT NULL AUTO_INCREMENT, AUTO_INCREMENT=57;

--
-- AUTO_INCREMENT pour la table `periode`
--
ALTER TABLE `periode`
  MODIFY `id` bigint(20) NOT NULL AUTO_INCREMENT, AUTO_INCREMENT=4;

--
-- AUTO_INCREMENT pour la table `rang`
--
ALTER TABLE `rang`
  MODIFY `id` bigint(20) NOT NULL AUTO_INCREMENT, AUTO_INCREMENT=5;

--
-- AUTO_INCREMENT pour la table `typeevaluation`
--
ALTER TABLE `typeevaluation`
  MODIFY `id` bigint(20) NOT NULL AUTO_INCREMENT, AUTO_INCREMENT=6;

--
-- Contraintes pour les tables déchargées
--

--
-- Contraintes pour la table `bulletin`
--
ALTER TABLE `bulletin`
  ADD CONSTRAINT `FK9bqghk03h5uwo61bk61krfcy0` FOREIGN KEY (`eleve`) REFERENCES `eleve` (`id`),
  ADD CONSTRAINT `FKb7mkxhk7di57k6dt2oupf089w` FOREIGN KEY (`periode`) REFERENCES `periode` (`id`);

--
-- Contraintes pour la table `classe`
--
ALTER TABLE `classe`
  ADD CONSTRAINT `FK8gf9pulyu8yxnaao3lj8wvomb` FOREIGN KEY (`niveau`) REFERENCES `niveau` (`id`);

--
-- Contraintes pour la table `cours`
--
ALTER TABLE `cours`
  ADD CONSTRAINT `FKdr0jmeea32b6x9dnhhi21yoju` FOREIGN KEY (`enseignement`) REFERENCES `enseignement` (`id`),
  ADD CONSTRAINT `FKpj55irmjse2hsfjrfd9l724sh` FOREIGN KEY (`classe`) REFERENCES `classe` (`id`),
  ADD CONSTRAINT `FKpjpxydjmh8u69nwny59bday4v` FOREIGN KEY (`enseignant`) REFERENCES `enseignant` (`id`);

--
-- Contraintes pour la table `eleve`
--
ALTER TABLE `eleve`
  ADD CONSTRAINT `FKtm4814k188tbtebyh7dj90y0f` FOREIGN KEY (`classe`) REFERENCES `classe` (`id`);

--
-- Contraintes pour la table `enseignant`
--
ALTER TABLE `enseignant`
  ADD CONSTRAINT `FK6grwa057c15ql8cqv9rfxbsqd` FOREIGN KEY (`matiere`) REFERENCES `matiere` (`id`);

--
-- Contraintes pour la table `enseignement`
--
ALTER TABLE `enseignement`
  ADD CONSTRAINT `FK25rndrspth0rqipr7esgnqvv6` FOREIGN KEY (`matiere`) REFERENCES `matiere` (`id`),
  ADD CONSTRAINT `FKbxeldle5ibege4fgd3hi3hw9f` FOREIGN KEY (`niveau`) REFERENCES `niveau` (`id`);

--
-- Contraintes pour la table `evaluation`
--
ALTER TABLE `evaluation`
  ADD CONSTRAINT `FK4texssuclda69dt8v4amkhy5q` FOREIGN KEY (`cours`) REFERENCES `cours` (`id`),
  ADD CONSTRAINT `FK6o3xjopmx97t95jsxot9iwp99` FOREIGN KEY (`type`) REFERENCES `typeevaluation` (`id`),
  ADD CONSTRAINT `FKcbn24rklg57fr67iuijit0uha` FOREIGN KEY (`periode`) REFERENCES `periode` (`id`);

--
-- Contraintes pour la table `note`
--
ALTER TABLE `note`
  ADD CONSTRAINT `FK1c72scifonby8tkpkq72miyxl` FOREIGN KEY (`evaluation`) REFERENCES `evaluation` (`id`),
  ADD CONSTRAINT `FKprwmuv5osqyxin14wdohabbtv` FOREIGN KEY (`eleve`) REFERENCES `eleve` (`id`);

--
-- Contraintes pour la table `rang`
--
ALTER TABLE `rang`
  ADD CONSTRAINT `FKgnf0j0b6h6c1ex0x13ct237vs` FOREIGN KEY (`eleve`) REFERENCES `eleve` (`id`);
COMMIT;

/*!40101 SET CHARACTER_SET_CLIENT=@OLD_CHARACTER_SET_CLIENT */;
/*!40101 SET CHARACTER_SET_RESULTS=@OLD_CHARACTER_SET_RESULTS */;
/*!40101 SET COLLATION_CONNECTION=@OLD_COLLATION_CONNECTION */;
